Feature,Feature.Systematic.Name,t7.8,t10.7,t14,t17.8,t22,t26.8,t32.2,t38.4,t45.4,t53.3,t62.2,t72.3,p7.8,p10.7,p14,p17.8,p22,p26.8,p32.2,p38.4,p45.4,p53.3,p62.2,p72.3,buds,tMin,tMax,tRange,pMin,pMax,pRange,tA,pA,tA/pA,tR/pR,Averages/Ranges,tM/tR,pM/pR,t/p
RTS1,YOR014W,47,46,45,44,44,42,40,40,36,33,30,27,38,38,39,39,39,42,44,45,43,42,40,40,38,27,47,20,27,45,18,39,41,1,1,1,2,2,1
OPI10,YOL032W,35,34,33,33,32,32,33,35,31,29,30,36,52,52,52,53,58,61,65,69,73,82,86,79,37,29,36,7,36,86,50,33,65,1,0,4,5,2,3
HEM14,YER014W,20,19,19,19,18,18,17,17,17,18,21,28,4,4,4,4,4,4,4,4,6,6,6,4,37,17,28,11,4,6,3,19,4,4,4,1,2,2,1
CKA2,YOR061W,140,138,135,131,125,119,114,109,108,108,112,120,83,85,86,89,93,96,95,94,98,100,98,91,37,108,140,32,83,100,16,122,92,1,2,1,4,6,1
RPL34B,YIL052C,2338,2335,2327,2320,2293,2306,2317,2298,2311,2329,2354,2391,205,208,214,223,242,245,247,243,232,235,235,228,36,2293,2391,98,205,247,42,2327,230,10,2,4,24,6,4
XPT1,YJR133W,68,70,73,75,80,80,78,70,72,73,75,77,71,72,72,70,62,50,45,43,44,46,49,56,36,68,80,13,43,72,29,74,57,1,0,3,6,3,3
RPL20A,YMR242C,1966,1970,1972,1975,1970,1987,1994,1964,1980,1958,1898,1776,1904,1907,1918,1944,2008,2010,2074,2106,2004,2032,2132,2342,36,1776,1994,218,1776,2342,566,1951,2032,1,0,2,9,4,2
RPL6A,YML073C,1698,1692,1684,1677,1660,1676,1689,1669,1676,1687,1706,1737,87,87,86,86,84,82,83,87,93,98,99,94,36,1660,1737,76,82,99,17,1687,89,19,5,4,23,6,4
HBS1,YKR084C,36,37,37,38,38,37,35,34,34,35,36,39,45,45,45,46,46,44,42,39,34,32,29,27,35,34,39,5,27,46,19,36,40,1,0,3,7,2,3
RAI1,YGL246C,58,58,58,57,55,54,54,58,64,63,57,40,17,17,17,18,18,18,17,15,14,14,14,14,35,40,64,24,14,18,5,56,16,3,5,1,3,4,1
AVL9,YLR114C,33,33,33,33,33,33,33,34,34,32,30,26,5,5,5,5,5,5,5,5,5,5,4,3,35,26,34,8,3,5,2,32,5,7,4,2,4,2,2
RPL23A,YBL087C,1538,1549,1558,1568,1571,1587,1615,1677,1739,1720,1627,1411,1105,1103,1089,1057,982,916,886,849,764,731,748,847,35,1411,1739,327,731,1105,374,1597,923,2,1,2,5,3,2
RPL16B,YNL069C,2462,2466,2467,2470,2458,2487,2509,2481,2509,2490,2423,2276,1305,1325,1350,1388,1446,1468,1487,1493,1483,1473,1448,1401,35,2276,2509,234,1305,1493,188,2458,1422,2,1,1,11,8,1
ATP3,YBR039W,215,221,231,240,260,260,252,232,219,216,222,243,391,377,356,323,268,214,187,171,170,150,134,124,35,215,260,46,124,391,266,234,239,1,0,6,6,1,4
QDR2,YIL121W,147,147,148,148,149,150,150,151,150,149,147,144,4,4,4,4,5,6,6,7,7,7,6,5,35,144,151,7,4,7,3,148,5,28,2,12,21,2,9
STE24,YJR117W,52,51,50,50,50,51,50,49,47,46,47,50,43,44,45,46,48,50,50,50,51,52,53,56,35,46,52,6,43,56,13,49,49,1,0,2,9,4,2
MSS116,YDR194C,57,56,54,52,47,45,43,39,40,41,43,44,16,15,15,15,16,18,20,21,20,20,20,20,34,39,57,18,15,21,5,47,18,3,3,1,3,4,1
RPL31A,YDL075W,3991,4000,4000,3995,3958,3963,3952,3873,3891,3924,3985,4083,141,142,144,149,158,177,199,218,209,203,209,240,34,3873,4083,210,141,240,99,3968,182,22,2,10,19,2,8
TRP5,YGL026C,305,303,300,298,292,292,293,296,296,297,298,299,2047,2070,2112,2183,2314,2431,2492,2526,2526,2585,2645,2700,34,292,305,13,299,2700,2401,297,2386,0,0,24,24,1,21
MLP1,YKR095W,16,16,16,15,15,16,16,18,17,17,17,18,23,22,21,20,18,19,19,19,17,16,16,17,34,15,18,3,16,23,7,16,19,1,0,2,7,3,2
ADE16,YLR028C,122,117,113,110,109,107,108,113,111,117,128,149,302,307,314,324,339,354,361,361,341,336,338,355,34,107,149,41,149,361,213,117,336,0,0,2,4,2,2
TUF1,YOR187W,121,123,126,129,138,133,127,129,119,106,89,68,174,175,176,177,179,181,180,178,174,170,170,178,34,68,138,70,68,181,113,117,176,1,1,1,2,2,1
KES1,YPL145C,123,119,113,107,98,95,94,96,91,89,88,91,280,273,266,256,245,237,242,251,259,247,221,177,34,88,123,36,91,280,189,100,246,0,0,2,3,1,2
TPI1,YDR050C,7014,6951,6879,6794,6682,6577,6518,6603,6544,6506,6488,6506,8890,8067,7105,5805,3991,3387,2764,2538,2735,2920,3127,3241,34,6488,7014,526,2538,8890,6352,6672,4548,1,0,18,13,1,10
KTR3,YBR205W,66,66,66,66,67,67,68,70,70,70,68,65,32,33,34,36,38,37,37,37,38,38,36,32,34,65,70,5,32,38,6,67,36,2,1,2,13,6,2
HPT1,YDR399W,589,588,586,583,574,581,581,552,541,524,499,463,213,213,212,213,216,215,211,208,210,217,232,259,34,463,589,126,208,259,50,555,218,3,3,1,5,5,1
YOL057W,YOL057W,38,38,37,36,35,35,34,34,34,34,35,36,12,12,13,14,15,16,17,18,20,21,21,20,34,34,38,4,12,21,9,35,17,2,0,5,10,2,4
SER33,YIL074C,193,181,168,155,135,128,127,136,133,128,122,115,521,525,533,547,571,604,616,627,649,667,676,667,33,115,193,78,115,676,561,143,600,0,0,2,2,1,2
MET22,YOL064C,117,114,111,108,104,103,103,103,104,107,114,125,181,181,179,174,164,153,145,138,137,135,136,140,33,103,125,22,125,181,57,109,155,1,0,2,6,3,2
YLR118C,YLR118C,46,48,50,52,57,59,59,59,57,54,51,46,9,9,10,10,11,12,12,12,13,13,13,11,33,46,59,13,9,13,4,53,11,5,3,2,5,3,1
MPD1,YOR288C,19,18,16,15,13,13,13,15,15,16,18,21,16,17,17,18,19,18,18,17,16,15,14,14,33,13,21,8,14,19,5,16,17,1,2,1,3,4,1
RBS1,YDL189W,55,55,54,53,50,50,49,47,45,46,50,61,6,6,6,6,6,7,8,9,9,8,8,8,33,45,61,17,6,9,4,51,7,7,4,2,4,2,1
BNA1,YJR025C,173,172,172,171,172,165,159,159,154,150,145,140,319,332,338,336,320,254,209,180,222,228,220,182,33,140,173,33,140,338,198,161,262,1,0,4,5,2,3
DLD2,YDL178W,67,67,67,68,69,69,68,63,60,57,56,56,19,20,21,22,23,24,24,24,22,21,20,18,33,56,69,14,18,24,6,64,21,3,2,1,5,4,1
GCV1,YDR019C,582,576,569,562,551,547,544,540,522,510,501,500,714,711,710,708,708,720,722,718,696,676,665,673,33,500,582,82,500,722,222,542,702,1,0,2,7,3,2
ADE2,YOR128C,269,263,256,249,238,235,234,235,223,213,203,198,1051,1047,1047,1053,1074,1082,1101,1121,1131,1139,1134,1105,33,198,269,71,198,1139,941,235,1090,0,0,3,4,1,3
YBL036C,YBL036C,83,83,84,85,86,87,87,80,79,81,89,104,65,65,64,60,52,40,30,23,27,26,28,30,33,79,104,25,23,65,42,86,43,2,1,3,4,2,3
SNF1,YDR477W,43,42,42,42,42,42,42,46,42,38,33,27,17,17,18,19,21,22,23,22,21,20,20,21,33,27,46,19,17,23,6,40,20,2,3,1,2,4,1
BNA4,YBL098W,32,33,34,35,37,37,37,37,38,38,38,36,34,34,34,34,33,29,28,26,27,24,20,15,33,32,38,6,15,34,19,36,28,1,0,4,7,2,4
YER156C,YER156C,158,159,160,159,156,153,148,136,142,144,143,135,94,94,93,91,88,89,89,90,86,83,80,80,33,135,160,24,80,94,15,149,88,2,2,1,7,6,1
LHS1,YKL073W,19,19,19,19,18,19,19,20,20,20,20,20,55,55,54,54,52,52,52,52,48,43,40,38,33,18,20,1,20,55,36,19,50,0,0,9,14,2,9
ZRC1,YMR243C,190,189,188,185,182,178,173,167,166,167,171,179,62,62,62,63,63,62,62,62,61,60,59,57,33,166,190,24,57,63,6,178,61,3,4,1,8,10,1
MRP21,YBL090W,45,46,47,47,48,45,42,39,38,38,40,44,14,14,14,14,13,11,11,10,11,10,10,9,32,38,48,10,9,14,5,43,12,4,2,2,5,3,2
TRP4,YDR354W,89,87,84,81,74,72,72,76,79,81,83,83,60,59,58,56,52,49,46,43,42,38,35,33,32,72,89,18,33,60,27,80,48,2,1,3,5,2,2
TMA46,YOR091W,90,90,90,88,84,83,82,80,82,81,79,72,55,55,54,54,54,55,55,54,50,48,48,51,32,72,90,18,48,55,8,84,53,2,2,1,5,7,1
TKL1,YPR074C,476,472,464,455,436,432,432,447,433,408,368,314,2558,2562,2582,2628,2732,2822,2891,2931,2872,2888,2917,2963,32,314,476,163,314,2963,2650,428,2779,0,0,3,3,1,3
PUF4,YGL014W,34,34,33,32,30,30,29,29,29,29,29,28,21,22,22,23,24,25,26,27,28,28,26,23,32,28,34,6,21,28,6,30,25,1,1,1,6,4,1
TIP41,YPR040W,24,26,28,30,34,38,41,44,47,47,44,36,12,12,12,12,13,11,12,13,15,15,13,6,32,24,47,23,6,15,9,37,12,3,3,1,2,2,1
ORM1,YGR038W,49,48,47,47,47,46,47,50,49,48,46,43,11,11,11,11,11,11,11,11,10,10,10,9,32,43,50,7,9,11,2,47,11,4,3,2,7,5,1
URA5,YML106W,330,328,326,323,319,319,319,320,322,322,322,320,191,195,200,208,219,232,239,239,225,211,204,213,32,319,330,11,191,239,48,322,215,2,0,7,31,5,6
ERV25,YML012W,290,289,289,288,290,287,285,285,276,275,281,299,244,232,219,201,177,181,183,194,212,226,250,289,32,275,299,24,177,289,112,286,217,1,0,6,12,3,5
CAF40,YNL288W,45,43,41,38,35,34,34,39,41,41,37,28,4,3,3,3,3,3,3,3,2,1,1,1,32,28,45,16,1,4,3,38,3,15,6,3,3,1,2
GRH1,YDR517W,56,55,54,53,52,51,52,61,58,56,55,56,7,7,7,7,8,10,10,10,9,10,11,13,32,51,61,10,7,13,6,55,9,6,2,4,6,2,3
BUD20,YLR074C,305,306,302,297,280,277,281,303,329,320,282,194,11,11,11,11,9,10,11,12,11,10,8,8,32,194,329,135,8,12,4,290,10,29,36,1,2,3,1
LYS2,YBR115C,102,101,101,101,99,99,99,99,98,99,99,101,773,770,775,789,829,864,893,914,909,929,948,963,32,98,102,3,101,963,863,100,863,0,0,31,32,1,29
UFD4,YKL010C,14,14,15,15,16,17,17,17,17,17,16,14,20,21,21,22,24,25,25,24,25,25,24,20,32,14,17,3,14,25,11,16,23,1,0,2,5,2,2
YCK2,YNL154C,105,103,102,100,96,95,95,96,94,91,87,81,86,87,89,90,93,96,98,99,95,91,85,79,32,81,105,24,79,99,20,95,91,1,1,1,4,5,1
RNR3,YIL066C,4,4,4,4,4,4,4,4,4,5,5,6,9,9,9,9,9,11,12,12,10,11,13,16,32,4,6,2,6,16,11,4,11,0,0,3,3,2,2
MET10,YFR030W,66,59,49,39,24,19,20,29,28,26,23,20,1401,1413,1434,1470,1534,1598,1655,1685,1627,1611,1606,1628,32,19,66,47,20,1685,1664,33,1555,0,0,1,1,1,1
CDC10,YCR002C,83,82,81,79,77,73,68,65,63,60,59,58,67,65,62,58,51,49,49,51,52,58,65,73,32,58,83,25,49,73,24,71,58,1,1,1,3,3,1
TVP18,YMR071C,91,91,92,94,101,103,103,97,87,84,86,97,21,21,21,21,21,21,21,21,21,21,22,22,32,84,103,19,21,22,1,94,21,4,22,0,5,25,0
CBC2,YPL178W,96,96,96,97,98,97,94,81,82,87,99,118,51,46,40,31,20,15,13,16,26,30,27,10,32,81,118,37,10,51,41,95,27,4,1,4,3,1,3
MRPS28,YDR337W,38,39,41,42,44,42,39,35,32,31,31,33,8,8,9,9,9,8,7,7,7,7,6,5,32,31,44,13,5,9,4,37,7,5,3,1,3,2,1
SKI2,YLR398C,14,14,13,13,11,11,11,12,12,12,12,13,10,9,8,7,6,6,7,7,7,6,6,3,32,11,14,3,3,10,6,12,7,2,0,4,5,2,3
MET3,YJR010W,135,122,105,85,53,34,29,59,67,67,63,55,1288,1310,1338,1376,1423,1486,1509,1511,1471,1450,1458,1525,32,29,135,106,55,1525,1470,73,1429,0,0,1,1,1,1
FRA1,YLL029W,65,64,64,65,68,69,70,73,70,66,61,54,30,31,31,32,33,33,34,35,36,36,37,37,31,54,73,19,30,37,7,66,34,2,3,1,4,6,1
SPA2,YLL021W,20,21,21,22,22,23,23,22,22,22,22,23,69,69,69,68,68,67,67,67,69,70,71,72,31,20,23,3,23,72,49,22,69,0,0,6,9,1,6
MGR3,YMR115W,17,18,19,20,23,22,22,22,22,21,19,17,2,2,2,2,2,2,2,2,2,2,2,2,31,17,23,5,2,2,0,20,2,11,14,1,4,5,1
ADE12,YNL220W,508,501,491,480,461,457,454,447,442,433,419,398,2071,2078,2080,2077,2056,2037,2003,1959,1909,1851,1833,1893,31,398,508,110,398,2080,1682,458,1987,0,0,4,5,1,4
PRS5,YOL061W,119,120,121,122,122,122,122,118,121,121,116,104,123,124,125,127,130,130,131,131,130,128,126,126,31,104,122,18,104,131,27,119,127,1,1,1,7,5,1
PSP2,YML017W,20,19,19,18,18,17,17,18,18,17,16,15,91,89,87,82,72,67,65,64,60,52,46,43,31,15,20,5,15,91,76,18,68,0,0,4,4,1,3
ADH4,YGL256W,58,58,57,56,53,51,49,47,52,57,64,72,91,94,98,104,115,118,125,143,188,237,280,305,31,47,72,25,72,305,232,56,158,0,0,3,3,1,2
LRG1,YDL240W,11,10,10,9,8,8,7,7,7,7,7,7,1,1,1,1,1,1,1,1,2,2,2,1,31,7,11,4,1,2,1,8,1,7,4,2,3,2,2
HNT1,YDL125C,337,326,317,311,312,316,322,334,293,260,222,185,240,240,245,255,275,321,357,397,435,460,473,468,31,185,337,152,185,473,288,295,347,1,1,2,2,2,1
RPL1B,YGL135W,1591,1585,1577,1571,1558,1577,1597,1595,1620,1623,1604,1544,1529,1551,1588,1649,1760,1824,1859,1861,1809,1812,1816,1817,31,1544,1623,79,1529,1861,332,1587,1740,1,0,4,21,6,4
ERV41,YML067C,68,68,68,69,70,69,69,68,68,69,72,79,5,6,6,6,7,8,8,8,7,7,7,9,31,68,79,11,5,9,4,70,7,10,3,3,7,2,3
NBP2,YDR162C,38,38,38,38,38,37,37,39,41,41,41,39,4,3,3,2,2,1,1,2,3,3,3,1,31,37,41,4,1,4,2,39,2,16,2,10,10,1,7
DPH1,YIL103W,44,45,45,45,44,45,45,41,42,45,51,59,4,4,4,4,4,5,5,5,5,5,6,6,31,41,59,18,4,6,3,46,5,10,7,1,3,2,1
BPT1,YLL015W,17,17,17,17,18,19,19,19,17,17,16,16,12,12,12,11,10,9,7,6,6,6,6,6,31,16,19,3,6,12,7,17,9,2,0,4,6,2,3
GND1,YHR183W,801,796,791,785,776,776,781,802,799,796,792,791,2935,2985,3064,3193,3407,3613,3753,3869,3952,4047,4085,4032,31,776,802,26,791,4085,3294,790,3578,0,0,28,31,1,25
GSH1,YJL101C,18,17,15,15,14,19,24,31,30,29,26,23,32,27,22,18,15,23,26,28,21,18,17,21,31,14,31,17,15,32,17,22,22,1,1,1,2,2,1
ARL1,YBR164C,116,116,114,112,108,103,98,92,94,98,107,122,42,42,43,44,45,44,44,42,40,39,38,38,31,92,122,29,38,45,7,107,42,3,4,1,4,7,1
YPR1,YDR368W,65,63,62,61,62,59,55,49,38,38,49,79,383,392,400,411,419,432,420,397,359,342,348,398,31,38,79,41,79,432,353,57,392,0,0,1,2,1,2
VPS1,YKR001C,57,56,56,55,56,54,53,53,50,49,48,48,608,616,623,630,633,640,642,633,599,571,564,601,31,48,57,9,48,642,594,53,613,0,0,6,7,1,6
MSH6,YDR097C,8,8,8,8,9,9,9,10,10,10,10,9,2,2,2,2,2,2,2,3,2,2,3,3,31,8,10,2,2,3,1,9,2,4,2,2,4,2,2
MET18,YIL128W,16,15,15,14,13,13,14,14,15,15,14,13,3,3,4,4,4,5,5,5,5,5,6,7,31,13,16,3,3,7,3,14,5,3,1,4,6,2,3
YNR029C,YNR029C,32,33,33,32,31,31,30,29,30,31,33,38,19,19,19,18,15,11,10,9,10,11,12,14,31,29,38,9,9,19,10,32,14,2,1,3,4,2,2
CAR1,YPL111W,86,89,93,98,106,103,100,101,106,116,135,164,80,80,80,80,80,83,86,89,86,84,82,82,31,86,164,78,80,89,9,108,83,1,8,0,2,10,0
RMT2,YDR465C,103,104,105,105,103,103,104,110,116,111,97,67,35,34,34,33,31,32,32,33,34,34,33,32,31,67,116,49,31,35,4,102,33,3,13,0,2,9,0
RKM1,YPL208W,18,18,18,18,18,18,19,19,19,19,19,20,6,6,6,6,5,5,5,5,4,4,5,7,31,18,20,2,4,7,3,19,5,3,1,4,9,2,4
MNN1,YER001W,71,71,71,70,69,69,69,70,69,69,70,73,12,12,12,12,12,12,11,10,10,10,10,10,31,69,73,4,10,12,3,70,11,6,2,4,17,4,4
AIM45,YPR004C,136,137,138,139,142,141,139,134,130,127,126,126,213,211,209,209,209,216,221,223,214,208,206,213,30,126,142,16,126,223,97,135,213,1,0,4,9,2,4
TUB3,YML124C,95,92,89,85,77,74,72,75,75,77,82,89,29,29,30,30,30,30,30,29,28,29,32,40,30,72,95,23,28,40,12,82,30,3,2,1,4,3,1
MTF2,YDL044C,10,10,10,10,10,10,9,9,9,9,9,9,2,2,2,2,2,2,2,2,2,2,1,1,30,9,10,2,1,2,2,10,2,5,1,5,6,1,4
CGI121,YML036W,46,46,45,44,43,41,39,40,41,42,43,44,29,27,26,23,19,18,19,20,19,16,11,5,30,39,46,7,5,29,23,43,19,2,0,8,7,1,6
SEC28,YIL076W,110,108,106,103,99,96,94,91,88,85,80,73,46,42,39,35,28,43,53,65,64,69,82,113,30,73,110,37,28,113,85,94,57,2,0,4,3,1,2
SYH1,YPL105C,55,54,53,51,48,47,46,47,47,48,47,47,6,7,7,8,8,9,10,9,7,6,6,8,30,46,55,8,6,10,3,49,8,6,2,3,7,3,2
GCV2,YMR189W,334,330,325,320,314,311,310,309,303,298,293,292,753,750,749,750,755,779,793,801,777,765,763,781,30,292,334,42,292,801,510,311,768,0,0,5,8,2,5
LSB3,YFR024C-A,65,63,61,59,57,55,53,56,51,47,44,44,97,99,102,106,114,115,117,118,116,114,108,95,30,44,65,21,44,118,74,54,108,1,0,2,3,2,2
LAP3,YNL239W,116,116,116,117,123,124,123,115,106,106,113,134,351,359,370,385,407,424,423,413,401,390,372,345,30,106,134,28,134,424,291,117,387,0,0,3,5,1,3
FUM1,YPL262W,96,96,96,97,100,98,97,97,90,88,87,92,462,454,443,429,405,392,395,400,389,372,369,393,30,87,100,12,92,462,370,95,409,0,0,7,8,1,6
GLT1,YDL171C,67,67,67,66,65,63,62,61,63,66,70,76,1548,1559,1586,1636,1731,1844,1891,1899,1829,1832,1852,1902,30,61,76,15,76,1902,1826,66,1759,0,0,5,5,1,5
YBT1,YLL048C,27,27,27,26,26,26,26,26,26,25,25,25,54,55,56,58,62,66,69,69,65,63,63,64,30,25,27,2,25,69,44,26,62,0,0,8,11,2,7
CKI1,YLR133W,27,29,31,33,37,37,35,31,29,27,27,27,53,55,57,59,60,58,60,61,60,60,60,62,30,27,37,11,27,62,35,31,59,1,0,2,3,2,2
MSN5,YDR335W,18,18,18,18,19,21,22,24,23,22,20,17,23,23,24,25,26,25,25,25,25,26,27,27,30,17,24,7,17,27,10,20,25,1,1,1,4,3,1
CRN1,YLR429W,78,76,74,71,68,66,65,67,65,62,59,56,194,197,200,202,205,188,179,171,167,150,123,82,30,56,78,22,56,205,149,67,171,0,0,3,4,1,3
CPA2,YJR109C,201,199,197,195,193,187,184,191,199,205,209,208,6105,6080,6059,6039,6035,6010,6075,6169,6261,6349,6376,6283,30,184,209,25,208,6376,6168,197,6153,0,0,8,8,1,8
PPH22,YDL188C,44,43,41,40,38,36,35,37,35,32,28,24,14,13,13,13,13,15,16,17,17,21,26,35,30,24,44,20,13,35,22,36,18,2,1,2,2,2,1
MET16,YPR167C,125,117,106,94,74,64,61,68,82,93,104,113,98,94,90,84,75,69,66,65,64,63,64,71,30,61,125,64,63,98,35,92,75,1,2,1,2,3,1
ARG1,YOL058W,707,714,721,730,740,752,756,735,733,717,688,640,2255,2262,2272,2287,2308,2318,2359,2391,2377,2364,2335,2288,30,640,756,116,640,2391,1751,720,2318,0,0,5,7,1,5
PHO88,YBR106W,741,751,763,780,802,836,861,840,888,909,903,844,595,594,588,578,564,533,506,486,493,460,407,326,30,741,909,168,326,595,269,827,511,2,1,3,5,2,2
SUR2,YDR297W,170,177,184,190,196,197,196,188,188,194,208,235,4,4,5,5,6,6,6,6,5,5,6,9,30,170,235,65,4,9,5,194,6,34,12,3,4,2,2
EDC3,YEL015W,48,47,45,43,41,40,40,42,40,38,34,30,4,4,5,5,6,7,7,6,5,4,4,4,30,30,48,18,4,7,3,41,5,8,6,1,3,2,1
MRPS9,YBR146W,59,59,58,56,55,49,44,41,38,34,29,22,8,8,8,8,8,8,8,8,7,7,7,8,30,22,59,37,7,8,1,45,8,6,32,0,2,7,0
PHO13,YDL236W,222,221,220,217,210,205,200,198,190,184,182,189,135,137,139,141,143,147,153,156,151,142,130,118,30,182,222,39,118,156,39,203,141,1,1,1,6,4,1
SXM1,YDR395W,53,53,52,52,51,51,52,52,53,52,49,45,88,90,92,93,93,90,90,89,90,90,91,96,30,45,53,8,45,96,50,51,91,1,0,4,7,2,4
APT2,YDR441C,64,67,70,72,77,77,73,60,69,79,90,98,3,3,3,3,3,2,2,2,4,4,4,2,30,60,98,39,2,4,2,75,3,26,16,2,3,2,1
YJR111C,YJR111C,61,60,59,57,54,52,51,50,57,60,60,54,7,7,7,8,8,9,10,10,10,9,10,10,30,50,61,11,7,10,4,56,9,6,3,2,6,3,2
APT1,YML022W,214,215,214,212,205,202,200,200,212,206,183,133,83,80,77,72,63,56,53,52,58,55,45,25,30,133,215,82,25,83,58,200,60,3,1,2,3,1,2
PEX11,YOL147C,83,85,88,91,96,95,93,95,95,98,105,117,55,55,55,55,56,57,59,61,61,62,63,62,30,83,117,34,55,63,8,95,58,2,4,0,3,8,0
LYS4,YDR234W,186,186,187,187,185,184,185,197,210,210,199,166,975,976,970,956,918,901,877,845,787,736,711,736,30,166,210,44,166,976,809,190,866,0,0,4,5,1,4
VPH1,YOR270C,209,206,202,198,191,189,189,193,189,187,184,184,820,828,840,859,894,917,913,900,886,895,905,913,30,184,209,25,184,917,733,193,881,0,0,6,8,1,7
CPR1,YDR155C,2200,2162,2141,2132,2172,2195,2198,2130,1964,1926,1975,2183,6211,6738,7244,7832,8616,7860,6922,6210,7393,7932,8230,7857,30,1926,2200,273,2183,8616,6433,2115,7420,0,0,7,8,1,6
ARP8,YOR141C,18,17,17,16,16,15,15,16,17,16,15,13,6,7,7,8,9,11,12,12,11,10,9,11,30,13,18,5,6,12,6,16,9,2,1,2,4,2,2
TRX2,YGR209C,530,564,622,703,849,969,1055,1039,1001,1055,1166,1389,554,533,511,478,412,442,500,619,787,931,1002,930,30,530,1389,859,412,1002,591,912,642,1,1,1,2,2,1
ASG1,YIL130W,29,29,29,29,29,29,29,29,28,28,27,27,6,5,5,5,5,5,6,6,7,7,7,7,29,27,29,2,5,7,2,29,6,5,1,6,18,4,5
YHB1,YGR234W,73,74,76,78,81,86,91,92,95,93,87,73,228,226,221,213,195,177,171,170,170,162,166,190,29,73,95,22,73,228,155,83,191,0,0,3,4,1,3
VTA1,YLR181C,29,29,30,30,30,29,28,27,29,29,29,27,9,9,9,9,10,9,8,6,4,2,1,0,29,27,30,3,0,10,10,29,6,5,0,14,10,1,10
SNO1,YMR095C,60,61,62,63,65,66,66,65,66,69,74,81,9,9,9,9,8,8,7,7,7,7,7,7,29,60,81,21,7,9,2,66,8,9,10,1,4,4,1
YIP3,YNL044W,245,252,260,269,285,288,289,291,307,316,318,308,98,97,96,95,93,87,85,82,71,66,65,71,29,245,318,73,65,98,33,286,84,3,2,2,4,3,1
TDH3,YGR192C,16824,16499,16122,15729,15149,14970,14980,15380,15065,15009,15176,15809,20574,20744,20990,21339,21783,22779,22685,22730,23741,24883,26104,27351,29,14970,16824,1854,15809,27351,11542,15559,22975,1,0,4,9,2,4
PEP8,YJL053W,28,26,25,23,21,20,18,18,16,15,14,15,0,1,1,1,1,1,1,1,1,1,1,1,29,14,28,14,0,1,0,20,1,25,32,1,2,2,1
SCP160,YJL080C,78,77,76,75,73,74,74,72,73,72,70,65,1181,1187,1205,1241,1313,1396,1443,1461,1400,1413,1460,1566,29,65,78,13,65,1566,1501,73,1355,0,0,6,6,1,6
CPR5,YDR304C,217,215,213,211,211,209,208,207,196,196,207,235,58,53,48,42,32,33,41,54,67,75,89,111,29,196,235,39,32,111,78,210,59,4,0,7,6,1,4
RPL37B,YDR500C,2509,2516,2517,2512,2485,2477,2459,2399,2418,2455,2519,2616,202,201,199,198,199,190,187,187,197,201,199,184,29,2399,2616,217,184,202,18,2490,195,13,12,1,12,11,1
COG1,YGL223C,34,33,32,31,29,29,29,30,30,29,29,27,4,4,4,3,3,3,3,3,3,3,3,3,29,27,34,7,3,4,1,30,3,9,7,1,5,4,1
AIP1,YMR092C,45,43,41,39,37,38,40,42,37,33,30,28,68,69,70,73,78,82,87,91,89,92,97,104,29,28,45,16,28,104,76,38,83,0,0,2,3,1,2
SKY1,YMR216C,43,43,42,42,41,41,42,44,42,40,38,37,7,7,7,6,6,5,5,5,7,9,10,10,29,37,44,7,5,10,5,41,7,6,1,4,6,2,3
LCB4,YOR171C,29,29,29,30,30,31,31,32,30,28,25,21,5,5,5,5,5,5,5,5,4,4,4,6,29,21,32,10,4,6,2,29,5,6,4,1,3,3,1
ASN1,YPR145W,502,501,501,501,501,501,501,506,498,497,502,521,576,584,592,602,615,610,612,613,619,622,619,604,29,497,521,24,521,622,101,503,606,1,0,3,22,6,4
RTN1,YDR233C,516,509,502,493,485,467,451,444,464,458,430,355,1048,1074,1099,1129,1170,1125,1112,1093,1100,1085,1030,906,29,355,516,161,355,1170,815,465,1081,0,0,2,3,1,2
ARF2,YDL137W,449,455,466,480,513,517,509,481,452,449,465,512,41,42,44,47,53,59,62,65,69,78,86,89,29,449,517,67,41,89,48,479,61,8,1,6,8,2,4
DAL3,YIR032C,58,58,59,60,60,61,60,56,55,59,67,81,58,57,54,50,46,39,33,27,26,27,26,22,29,55,81,26,22,58,37,61,39,2,1,2,3,2,2
HMF1,YER057C,396,394,392,389,385,380,373,365,361,366,379,406,278,258,235,204,166,139,135,155,221,241,221,128,29,361,406,45,128,278,150,382,198,2,0,6,9,2,5
RPE1,YJL121C,149,150,150,150,150,148,146,142,144,148,153,160,12,12,12,13,14,19,21,24,26,28,34,47,29,142,160,18,12,47,35,149,22,7,1,13,9,1,7
ASN2,YGR124W,312,313,316,320,326,331,335,338,339,338,334,325,376,375,374,373,373,367,366,368,373,382,388,386,29,312,339,27,325,388,63,327,375,1,0,2,12,6,2
RPB4,YJL140W,128,127,126,125,125,123,121,122,120,120,122,129,32,29,26,22,18,25,31,36,31,31,37,54,29,120,129,9,18,54,36,124,31,4,0,16,14,2,9
CCS1,YMR038C,114,115,116,117,117,122,127,128,129,127,122,114,113,110,106,99,86,75,62,53,55,59,74,106,29,114,129,15,53,113,60,120,83,1,0,6,9,2,5
COG6,YNL041C,14,14,14,13,13,12,12,13,13,12,9,6,7,7,7,8,9,12,13,14,11,9,7,7,29,6,14,9,6,14,8,12,9,1,1,1,2,2,1
PET123,YOR158W,35,35,36,37,40,38,36,33,30,25,18,8,11,11,11,12,13,13,15,16,17,17,15,12,29,8,40,31,8,17,9,31,14,2,3,1,1,2,1
TCB3,YML072C,33,31,29,28,26,25,26,27,23,22,21,23,323,325,329,335,345,358,366,368,357,359,363,372,29,21,33,12,23,372,349,26,350,0,0,2,3,1,3
BLM10,YFL007W,12,12,12,12,14,14,13,10,10,11,14,21,5,5,5,5,6,7,6,6,5,5,5,5,29,10,21,11,5,7,2,13,6,2,6,0,2,3,1
PEX19,YDL065C,39,41,43,45,50,51,49,43,41,42,46,54,103,106,108,109,109,100,91,83,85,82,77,68,29,39,54,15,54,109,55,45,93,0,0,2,4,2,2
LPD1,YFL018C,141,139,139,138,142,140,138,139,126,118,114,116,506,505,504,502,504,484,449,412,398,377,354,326,29,114,142,28,116,506,390,132,443,0,0,4,5,1,4
TRP2,YER090W,179,177,175,173,169,168,168,172,173,173,171,167,587,589,589,587,580,571,566,561,552,549,549,557,29,167,179,11,167,589,421,172,570,0,0,11,16,1,11
BGL2,YGR282C,1084,1070,1056,1042,1026,1020,1030,1087,1079,1055,1010,940,790,768,733,676,578,474,459,515,712,790,736,441,29,940,1087,147,441,790,349,1042,639,2,0,4,7,2,3
NMA111,YNL123W,40,40,39,38,36,35,35,38,41,41,37,29,45,45,46,47,48,50,51,51,50,51,53,56,29,29,41,12,29,56,28,37,50,1,0,2,3,2,2
YNR040W,YNR040W,12,12,12,11,11,11,11,12,11,11,10,8,2,2,2,2,2,3,3,3,3,2,2,2,29,8,12,4,2,3,1,11,2,5,6,1,3,4,1
HIS4,YCL030C,708,705,703,702,702,703,705,710,699,689,678,668,3691,3702,3735,3804,3948,4062,4198,4302,4280,4296,4274,4194,29,668,710,42,668,4302,3633,698,4041,0,0,15,17,1,14
ECM30,YLR436C,16,16,15,15,14,14,15,18,18,16,12,5,0,1,1,1,1,1,1,1,1,1,1,1,29,5,18,13,0,1,1,15,1,17,15,1,1,2,1
SHM1,YBR263W,158,159,161,162,165,166,166,165,167,168,169,169,606,607,607,603,590,581,568,554,546,533,528,538,29,158,169,11,169,607,438,165,572,0,0,12,16,1,11
VPS27,YNR006W,28,28,28,28,27,26,27,32,36,35,31,20,35,34,33,33,33,39,42,43,36,30,26,28,29,20,36,15,20,43,23,29,34,1,1,1,2,2,1
ERG6,YML008C,188,194,203,213,229,247,262,265,288,299,299,276,1000,1009,1016,1020,1014,1000,984,960,928,921,952,1046,29,188,299,111,276,1046,770,247,987,0,0,2,3,1,2
PST1,YDR055W,156,153,151,149,147,149,155,179,178,166,141,99,48,53,58,64,71,63,66,77,109,130,133,99,28,99,179,80,48,133,84,152,81,2,1,2,2,2,1
HIS1,YER055C,955,948,939,929,912,901,892,883,866,861,867,894,400,403,407,413,423,433,447,459,459,455,441,415,28,861,955,94,400,459,59,904,430,2,2,1,10,8,1
YFR006W,YFR006W,29,30,30,31,33,34,34,30,31,32,35,39,58,55,52,46,38,34,33,33,32,30,29,31,28,29,39,10,29,58,29,32,39,1,0,2,4,2,2
AVT1,YJR001W,56,53,50,46,41,36,33,35,34,33,32,30,5,5,5,5,4,3,3,3,4,4,3,1,28,30,56,26,1,5,4,40,4,11,7,2,2,1,2
YCF1,YDR135C,21,20,19,19,18,18,18,19,19,19,19,19,62,65,69,76,88,94,93,92,97,103,103,92,28,18,21,3,19,103,84,19,86,0,0,6,7,1,6
GRS1,YBR121C,283,283,283,282,280,282,281,273,276,271,259,231,1995,2008,2011,1999,1944,1894,1851,1797,1720,1639,1591,1608,28,231,283,52,231,2011,1779,274,1838,0,0,5,5,1,5
SHM2,YLR058C,2954,2921,2880,2835,2760,2742,2729,2707,2623,2546,2467,2405,21479,21411,21280,21061,20665,20154,19946,19756,19446,19204,19281,19903,28,2405,2954,549,2405,21479,19074,2714,20299,0,0,5,5,1,5
ECM32,YER176W,23,23,23,23,23,24,25,25,25,25,25,24,2,2,2,3,3,3,3,3,3,3,3,3,28,23,25,2,2,3,1,24,3,9,4,2,11,6,2
VPS60,YDR486C,58,59,61,63,68,66,63,56,50,50,56,71,15,14,12,11,9,10,11,13,17,17,15,8,28,50,71,21,8,17,9,60,13,5,2,2,3,2,2
CLU1,YMR012W,57,56,54,52,48,47,47,49,48,48,49,52,354,355,362,375,401,435,456,473,476,505,546,605,28,47,57,10,52,605,553,51,445,0,0,6,6,1,5
PBY1,YBR094W,16,15,15,14,14,13,13,14,13,12,12,11,3,3,3,3,3,5,5,6,6,7,8,10,28,11,16,5,3,10,7,14,5,3,1,4,3,1,2
HSM3,YBR272C,13,13,13,13,13,13,13,15,14,13,12,10,2,2,2,2,2,2,2,2,2,3,3,3,28,10,15,4,2,3,1,13,2,6,4,2,3,2,1
TAN1,YGL232W,54,53,53,52,50,48,45,42,41,40,40,39,1,1,1,1,1,1,1,1,1,1,1,1,28,39,54,14,1,1,0,46,1,51,33,2,4,3,1
PRS3,YHL011C,209,211,213,214,215,219,221,218,220,215,204,183,69,67,66,65,63,65,68,71,67,64,67,80,28,183,221,38,63,80,16,212,68,3,2,1,6,5,1
NUP2,YLR335W,63,63,63,62,61,60,60,59,60,61,63,65,184,172,159,141,113,113,112,108,80,54,34,29,28,59,65,7,29,184,156,62,108,1,0,13,10,1,8
IMD4,YML056C,246,244,239,233,216,212,212,219,228,224,208,173,12,13,14,15,16,18,17,16,16,17,17,16,28,173,246,73,12,18,5,221,15,14,14,1,3,3,1
PFK2,YMR205C,304,299,292,284,270,264,262,271,271,268,261,248,2136,2176,2242,2350,2540,2689,2776,2837,2871,2885,2811,2595,28,248,304,56,248,2885,2636,275,2576,0,0,5,5,1,5
MON2,YNL297C,10,10,10,10,10,10,10,10,10,9,9,8,4,4,4,4,5,5,5,5,5,5,5,5,28,8,10,2,4,5,2,9,5,2,1,2,5,3,2
ABP1,YCR088W,69,65,61,57,54,52,53,58,53,49,45,44,1173,1045,899,705,439,357,341,385,409,408,406,398,28,44,69,24,44,1173,1128,55,580,0,0,4,3,1,3
AIM9,YER080W,32,30,29,28,28,27,27,28,24,21,19,18,200,204,208,213,218,218,208,194,185,179,175,175,28,18,32,13,18,218,200,26,198,0,0,2,2,1,2
MRPS35,YGR165W,27,26,25,24,23,22,21,19,16,15,16,20,11,11,12,12,12,13,13,13,14,14,15,15,28,15,27,12,11,15,4,21,13,2,3,1,2,4,1
AMD1,YML035C,29,28,26,25,23,23,23,26,24,21,19,18,14,14,14,14,14,13,12,11,10,9,9,9,28,18,29,11,9,14,6,24,12,2,2,1,3,3,1
MAF1,YDR005C,51,50,49,48,48,45,42,40,37,34,31,30,4,5,5,5,5,4,3,2,2,2,3,5,28,30,51,21,2,5,3,42,4,12,7,2,2,2,1
UBP14,YBR058C,30,30,30,29,28,28,28,27,26,26,27,30,10,10,10,10,10,11,11,12,12,12,13,12,28,26,30,5,10,13,3,28,11,3,2,2,6,4,2
HOS3,YPL116W,17,17,18,18,20,20,20,24,23,22,19,15,7,7,7,7,7,8,8,9,8,8,9,11,28,15,24,8,7,11,4,19,8,2,2,1,3,3,1
VAN1,YML115C,55,55,56,57,59,60,61,62,64,65,65,65,14,14,14,13,12,10,9,8,9,10,10,9,28,55,65,10,8,14,6,60,11,5,2,3,6,2,3
HMG2,YLR450W,20,20,20,21,22,21,20,19,17,17,18,20,16,16,17,19,22,25,26,27,24,23,22,24,28,17,22,5,16,27,11,20,22,1,0,2,5,2,2
SSO1,YPL232W,123,127,133,140,152,159,163,162,161,161,160,158,14,13,12,12,11,12,12,13,12,11,10,9,28,123,163,39,9,14,5,150,12,13,9,1,4,3,1
MRPL15,YLR312W-A,37,37,37,35,33,30,27,23,25,25,25,23,6,6,6,7,6,7,7,6,5,5,5,6,28,23,37,14,5,7,2,30,6,5,7,1,3,3,1
RPS6A,YPL090C,1551,1556,1559,1560,1556,1559,1552,1516,1525,1509,1470,1390,4737,4786,4835,4890,4944,4933,5031,5097,5042,4974,4901,4849,28,1390,1560,170,1390,5097,3708,1525,4918,0,0,7,9,1,7
ATP4,YPL078C,245,250,258,267,288,282,267,243,222,214,216,235,479,484,488,491,493,489,476,466,471,454,427,389,28,214,288,74,235,493,258,249,467,1,0,2,4,2,2
DUG2,YBR281C,10,10,9,9,8,7,7,7,7,7,7,7,5,5,5,5,5,5,5,4,5,5,5,5,28,7,10,4,4,5,1,8,5,2,5,0,3,6,0
YCR090C,YCR090C,61,61,62,63,65,66,66,62,63,65,67,71,2,2,2,2,1,1,1,2,3,4,3,2,28,61,71,10,1,4,3,64,2,32,4,8,7,1,5
SDS23,YGL056C,61,64,66,70,75,78,78,74,83,86,85,75,8,8,8,8,9,9,9,9,10,10,10,10,28,61,86,24,8,10,2,75,9,8,12,1,4,5,1
SCW4,YGR279C,315,313,311,308,302,301,303,305,308,318,338,369,20,26,34,47,67,84,91,95,98,110,120,125,28,301,369,68,20,125,105,316,77,4,1,6,5,1,5
NIT3,YLR351C,127,125,123,120,116,111,108,110,109,110,114,121,107,108,107,105,98,86,81,77,82,78,74,68,28,108,127,19,68,108,41,116,89,1,0,3,7,3,3
PET10,YKR046C,97,99,103,108,122,124,125,122,122,128,136,146,200,204,205,202,190,162,140,120,120,117,110,96,28,97,146,48,96,205,109,119,156,1,0,2,3,2,2
PHO91,YNR013C,46,45,43,41,38,36,36,38,39,39,40,41,14,14,14,14,15,15,15,14,13,11,11,12,28,36,46,10,11,15,4,40,14,3,3,1,5,4,1
MNN11,YJL183W,64,65,65,67,68,69,69,68,68,70,74,80,12,12,12,13,13,14,16,17,17,16,15,15,28,64,80,16,12,17,5,69,14,5,3,1,5,3,1
UBP3,YER151C,37,37,37,36,35,33,32,32,34,35,38,42,58,57,57,55,53,54,51,48,48,49,50,49,28,32,42,10,42,58,16,36,53,1,1,1,4,4,1
DOT5,YIL010W,58,58,59,60,65,64,63,67,62,59,56,56,56,57,58,59,60,62,66,68,63,56,52,55,28,56,67,11,52,68,16,60,59,1,1,1,6,4,1
FAA3,YIL009W,12,12,12,12,13,13,13,13,13,12,12,11,7,7,7,8,8,9,9,10,10,9,9,8,28,11,13,2,7,10,3,12,8,1,1,2,6,3,2
GUP1,YGL084C,25,24,23,23,22,21,21,21,19,17,15,15,3,3,3,3,3,3,3,3,3,3,3,3,28,15,25,10,3,3,1,20,3,7,14,0,2,5,1
GSC2,YGR032W,16,19,24,31,42,49,54,56,62,70,81,95,46,48,51,56,63,68,68,67,63,62,59,53,28,16,95,79,46,68,22,50,59,1,4,0,1,3,0
YLR179C,YLR179C,706,702,698,692,679,675,677,692,697,703,712,723,398,377,349,307,245,180,145,127,141,146,161,185,28,675,723,48,127,398,270,696,230,3,0,17,15,1,10
YOR283W,YOR283W,146,146,147,146,143,141,142,147,155,158,158,152,31,31,31,31,29,30,31,31,31,30,31,35,28,141,158,17,29,35,5,148,31,5,3,1,9,7,1
MSC6,YOR354C,21,21,20,20,20,20,21,21,21,19,17,14,16,16,16,17,17,17,16,15,15,16,17,17,28,14,21,7,14,17,3,20,16,1,2,1,3,6,1
LAC1,YKL008C,113,112,111,109,105,102,100,104,109,110,109,103,12,12,12,12,13,12,12,12,12,13,15,19,28,100,113,13,12,19,7,107,13,8,2,5,9,3,4
RTG2,YGL252C,53,54,55,56,58,56,54,53,53,54,56,58,47,48,49,50,50,45,46,48,50,48,45,41,28,53,58,6,41,50,9,55,47,1,1,2,10,5,2
IKI3,YLR384C,43,44,44,45,45,45,45,43,44,44,42,39,33,34,34,36,37,40,42,42,39,37,36,37,28,39,45,7,33,42,9,44,37,1,1,2,7,5,1
ATP5,YDR298C,230,230,231,232,239,235,226,206,188,185,197,232,511,505,495,479,457,405,400,414,461,429,358,229,27,185,239,53,229,511,282,219,428,1,0,3,4,2,2
ERG4,YGL012W,152,154,156,160,166,168,170,174,177,179,180,177,29,29,29,29,31,33,34,36,37,39,39,38,27,152,180,28,29,39,11,168,34,5,3,2,6,4,2
PTH2,YBL057C,74,75,77,79,82,84,85,83,82,84,89,100,18,15,13,10,8,9,12,16,18,20,23,28,27,74,100,25,8,28,20,83,16,5,1,4,4,1,3
TRM82,YDR165W,84,84,83,82,80,79,78,78,79,78,75,68,31,32,32,33,35,38,39,40,38,38,39,42,27,68,84,16,31,42,10,79,36,2,1,1,5,4,1
ECM25,YJL201W,20,20,20,19,18,18,17,18,18,18,18,18,1,1,1,1,1,1,1,1,1,1,1,2,27,17,20,3,1,2,1,19,1,17,2,7,8,2,5
HAL5,YJL165C,29,31,34,38,44,51,59,70,73,75,72,65,13,13,13,13,13,13,13,12,11,10,8,5,27,29,75,46,5,13,8,53,11,5,6,1,2,2,1
POM152,YMR129W,18,18,17,17,16,16,16,16,16,16,17,18,8,8,8,9,9,10,10,10,10,10,9,9,27,16,18,2,8,10,2,17,9,2,1,2,9,5,2
YPL225W,YPL225W,291,294,301,311,335,340,337,317,290,281,286,317,136,132,127,122,118,118,130,149,170,168,145,91,27,281,340,58,91,170,79,308,134,2,1,3,6,2,3
MRPL35,YDR322W,33,33,32,32,32,31,31,27,25,23,22,21,11,11,12,12,13,12,12,13,13,14,14,14,27,21,33,12,11,14,3,29,13,2,4,1,3,5,1
FET5,YFL041W,31,32,33,35,38,39,39,38,38,37,35,31,28,28,27,27,26,25,24,23,22,22,21,21,27,31,39,8,21,28,7,35,24,1,1,1,5,4,1
BCH1,YMR237W,30,29,27,26,24,23,23,26,25,24,23,21,28,29,30,30,32,33,32,33,37,39,38,34,27,21,30,9,21,39,17,25,33,1,1,1,3,2,1
ADH6,YMR318C,228,231,234,242,246,281,312,306,330,349,360,357,379,386,393,402,411,417,422,424,418,399,381,373,27,228,360,132,357,424,68,290,400,1,2,0,3,6,0
AVT7,YIL088C,107,105,104,102,101,97,92,89,82,80,82,90,19,19,20,20,20,20,20,20,20,20,21,21,27,80,107,26,19,21,2,94,20,5,12,0,4,10,0
TMA20,YER007C-A,232,232,231,230,227,226,227,233,237,236,230,216,137,132,125,117,105,110,109,110,108,101,106,134,27,216,237,21,101,137,36,230,116,2,1,3,11,4,3
PFK1,YGR240C,378,372,365,356,342,337,337,348,348,339,322,291,3344,3384,3459,3592,3845,4038,4148,4205,4177,4233,4247,4184,27,291,378,86,291,4247,3956,345,3905,0,0,4,4,1,4
GRX3,YDR098C,78,77,77,76,74,73,71,68,71,71,71,67,38,35,31,25,15,12,12,16,25,29,30,24,27,67,78,11,12,38,26,73,24,3,0,7,7,1,5
DDP1,YOR163W,57,57,58,60,64,64,64,62,59,60,64,73,38,38,38,38,38,34,29,24,20,16,11,5,27,57,73,16,5,38,33,62,27,2,0,5,5,1,4
DJP1,YIR004W,50,50,50,51,53,54,55,54,52,52,53,56,9,10,10,10,10,9,9,10,10,10,9,9,27,50,56,7,9,10,1,52,10,5,13,0,9,19,0
CAN1,YEL063C,359,357,354,351,347,346,342,330,330,337,352,379,57,56,56,55,54,53,52,50,48,47,46,48,27,330,379,49,46,57,11,349,52,7,5,1,8,5,1
BRE5,YNR051C,130,128,126,122,116,113,110,109,108,110,115,126,12,11,11,10,10,10,10,10,9,8,7,8,27,108,130,22,7,12,4,118,10,12,5,2,6,3,2
TGL3,YMR313C,22,22,22,22,22,22,23,26,26,25,23,19,3,3,3,4,4,5,5,5,5,5,5,4,27,19,26,8,3,5,2,23,4,5,4,1,3,2,1
STE2,YFL026W,720,712,701,686,662,643,628,625,604,593,592,613,33,33,33,34,35,34,34,33,31,30,30,33,27,592,720,128,30,35,5,648,33,20,26,1,6,7,1
MAP1,YLR244C,218,217,214,210,201,199,202,218,232,233,224,197,281,295,298,291,253,175,132,100,108,111,120,130,27,197,233,36,100,298,199,214,191,1,0,6,6,2,4
MRPL17,YNL252C,33,33,33,33,33,30,27,24,23,21,19,16,5,5,5,5,5,5,6,6,5,5,4,4,27,16,33,17,4,6,2,27,5,6,9,1,2,3,1
SSE1,YPL106C,429,418,401,383,349,353,354,323,321,303,274,228,2032,2037,2056,2093,2164,2264,2362,2445,2429,2445,2498,2626,27,228,429,201,228,2626,2398,345,2288,0,0,2,2,1,2
CAM1,YPL048W,254,254,256,258,266,265,265,273,265,262,262,272,758,764,776,798,841,874,910,936,928,959,997,1040,27,254,273,19,272,1040,768,263,882,0,0,12,14,1,11
PMR1,YGL167C,37,37,37,37,38,39,42,48,49,47,42,34,39,40,42,45,48,56,58,58,58,62,67,74,27,34,49,15,34,74,41,40,54,1,0,2,3,2,2
NUT1,YGL151W,12,11,11,10,9,8,8,10,9,9,9,9,1,1,1,1,2,2,2,2,2,2,2,1,27,8,12,4,1,2,1,10,2,6,6,1,3,3,1
FAA4,YMR246W,208,207,206,204,203,198,192,186,194,193,187,165,111,115,120,129,143,154,158,161,165,173,178,175,27,165,208,43,111,178,66,195,149,1,1,2,5,3,2
MNN2,YBR015C,79,81,82,84,86,90,93,95,96,95,91,83,17,17,16,16,16,11,9,7,9,10,9,5,27,79,96,16,5,17,12,88,12,7,1,5,6,1,4
VPS4,YPR173C,96,96,95,95,93,92,90,85,84,87,95,109,27,25,23,19,15,12,10,8,7,5,4,2,27,84,109,25,2,27,25,93,13,7,1,7,4,1,4
VNX1,YNL321W,16,15,14,12,11,10,9,12,14,14,13,12,2,2,2,2,2,2,2,2,2,3,4,4,27,9,16,6,2,4,2,13,2,6,3,2,2,2,1
TDH2,YJR009C,5834,5791,5745,5693,5626,5568,5547,5649,5574,5516,5467,5454,867,867,860,844,791,795,795,808,837,776,710,661,27,5454,5834,380,661,867,205,5622,801,7,2,4,15,4,4
HHT1,YBR010W,1612,1606,1603,1596,1602,1567,1527,1482,1454,1464,1510,1602,528,532,537,546,559,571,601,626,615,613,615,627,27,1454,1612,158,528,627,98,1552,581,3,2,2,10,6,2
DAL2,YIR029W,48,49,51,53,56,57,58,61,64,66,67,65,37,36,35,34,33,33,31,28,25,26,31,43,27,48,67,19,25,43,18,58,33,2,1,2,4,2,1
APL5,YPL195W,20,20,19,19,19,19,19,20,19,19,19,19,14,14,14,14,15,16,16,16,15,15,15,15,27,19,20,1,14,16,1,19,15,1,1,2,18,11,2
GIP3,YPL137C,17,16,16,15,14,15,17,22,24,25,24,23,7,7,7,6,6,7,8,9,8,8,8,9,27,14,25,10,6,9,3,19,8,3,4,1,2,3,1
LYS12,YIL094C,641,640,638,636,628,627,628,637,637,637,634,631,1144,1150,1159,1172,1194,1213,1205,1174,1100,1023,971,979,27,627,641,15,631,1213,582,635,1124,1,0,22,44,2,21
HHO1,YPL127C,103,107,113,120,135,134,127,112,102,99,101,113,97,97,96,96,98,99,101,102,98,93,89,85,27,99,135,37,85,102,17,114,96,1,2,1,4,6,1
VIP1,YLR410W,35,35,35,35,35,35,35,34,34,34,33,31,56,57,59,61,64,67,68,67,64,64,65,68,27,31,35,4,31,68,37,34,64,1,0,5,9,2,5
ARO4,YBR249C,791,789,785,781,772,771,770,765,778,785,788,778,1656,1628,1583,1504,1343,1307,1299,1323,1349,1271,1196,1158,27,765,791,26,778,1656,878,779,1385,1,0,19,30,2,16
DID2,YKR035W-A,87,90,94,99,109,110,108,100,102,102,97,83,29,28,27,26,24,26,30,36,42,41,32,10,26,83,110,27,10,42,32,98,29,3,1,4,4,1,3
EMP47,YFL048C,58,58,58,59,60,60,59,58,56,55,52,49,38,36,34,31,25,25,23,23,23,22,22,24,26,49,60,11,22,38,16,57,27,2,1,3,6,2,2
SFT2,YBL102W,85,85,86,87,91,92,93,95,86,82,82,90,23,23,23,23,23,22,24,26,27,27,25,23,26,82,95,13,22,27,4,88,24,4,3,1,7,6,1
REE1,YJL217W,45,46,48,50,53,57,60,62,58,66,87,131,43,44,44,44,44,40,38,37,36,37,41,50,26,45,131,86,36,50,14,64,42,2,6,0,2,4,0
YKR018C,YKR018C,47,47,49,52,58,58,58,55,49,44,41,40,19,19,19,21,23,25,28,31,32,31,27,19,26,40,58,18,19,32,14,50,25,2,1,2,3,2,1
PNP1,YLR209C,62,63,63,64,65,63,60,57,57,58,61,67,47,49,50,53,55,56,56,58,63,69,72,69,26,57,67,11,47,72,25,62,58,1,0,2,6,3,2
ERG2,YMR202W,235,238,242,247,252,261,268,265,277,286,293,294,266,270,276,284,295,304,316,325,323,326,338,366,26,235,294,59,266,366,100,263,308,1,1,1,5,4,1
PPA2,YMR267W,33,32,30,29,28,28,27,27,23,21,21,24,5,4,4,3,2,1,2,2,2,2,2,2,26,21,33,12,1,5,3,27,3,11,3,3,3,1,2
KEL3,YPL263C,51,51,50,49,47,46,46,49,51,49,43,31,17,17,18,20,25,33,34,33,26,22,21,25,26,31,51,20,17,34,17,47,24,2,1,2,3,2,1
MET6,YER091C,2086,2044,1990,1931,1834,1792,1778,1826,1821,1799,1765,1712,65343,65371,65410,65482,65641,65497,65527,65212,63856,63037,62529,62603,26,1712,2086,374,1712,65641,63929,1865,64626,0,0,5,6,1,5
AAT1,YKL106W,48,48,48,48,48,47,47,46,49,51,54,56,7,7,7,7,8,8,8,8,7,6,5,4,26,46,56,10,4,8,4,49,7,7,2,3,6,2,3
ADE6,YGR061C,185,183,181,179,176,174,173,170,166,163,162,164,1458,1466,1480,1505,1552,1579,1603,1614,1595,1612,1650,1719,26,162,185,23,164,1719,1554,173,1569,0,0,7,8,1,7
TGL1,YKL140W,26,24,23,21,19,18,17,19,17,15,12,9,12,13,14,16,20,20,18,15,12,10,10,10,26,9,26,17,9,20,11,18,14,1,2,1,2,2,1
ERG3,YLR056W,222,226,230,236,241,252,265,280,289,284,265,225,67,68,69,71,75,78,78,76,73,73,73,74,26,222,289,67,67,78,11,251,73,3,6,1,4,7,1
FAR8,YMR029C,25,26,27,27,29,28,26,25,22,21,20,21,6,7,7,8,9,10,11,11,9,7,7,8,26,20,29,9,6,11,5,25,8,3,2,2,3,2,1
MET2,YNL277W,30,25,21,17,10,17,28,50,58,58,49,28,26,27,27,29,31,31,32,33,31,31,32,35,26,10,58,47,26,35,9,33,31,1,5,0,1,4,0
CRZ1,YNL027W,21,21,21,22,23,23,23,25,26,26,27,28,2,2,2,2,2,1,1,1,1,1,1,0,26,21,28,7,0,2,2,24,1,17,4,5,4,1,4
ARO8,YGL202W,623,620,615,609,601,594,589,585,585,587,594,605,1846,1857,1855,1835,1771,1711,1614,1511,1444,1376,1330,1322,26,585,623,38,605,1857,1252,601,1623,0,0,12,16,1,11
GDH1,YOR375C,870,876,880,884,885,881,884,917,951,964,961,927,7840,7897,7932,7958,7958,7734,7457,7086,6682,6547,6585,6875,26,870,964,94,927,7958,7031,907,7379,0,0,9,10,1,9
PYC2,YBR218C,137,136,134,133,132,130,130,133,131,130,129,130,176,178,181,185,191,199,194,185,171,166,167,179,26,129,137,8,130,199,69,132,181,1,0,6,17,3,6
GGA2,YHR108W,61,59,57,55,51,50,49,51,50,49,49,49,83,80,79,80,84,97,102,104,93,86,87,101,26,49,61,12,49,104,54,53,90,1,0,3,5,2,3
SSP120,YLR250W,77,78,80,82,90,89,84,71,62,60,62,73,99,98,95,85,63,55,52,57,73,72,64,45,26,60,90,31,45,99,54,76,71,1,1,2,3,2,2
STV1,YMR054W,29,30,30,31,33,33,34,36,36,34,31,25,11,11,11,12,12,12,12,12,12,11,11,12,26,25,36,11,11,12,1,32,12,3,12,0,3,14,0
MIR1,YJR077C,330,344,362,383,420,426,417,375,366,367,377,399,394,407,423,447,484,486,494,493,475,474,477,487,26,330,426,97,394,494,99,381,462,1,1,1,4,5,1
GCN20,YFR009W,90,89,87,85,82,81,80,77,77,76,77,80,77,78,80,83,86,94,98,101,96,97,103,116,26,76,90,14,77,116,39,82,92,1,0,3,7,3,2
KEL1,YHR158C,16,16,16,15,15,14,13,14,14,14,12,8,9,9,9,8,8,8,9,11,11,12,11,8,26,8,16,7,8,12,4,14,10,1,2,1,2,3,1
ERG5,YMR015C,54,53,52,51,49,48,49,49,51,51,51,51,39,39,39,39,38,40,42,43,40,37,35,35,26,48,54,5,35,43,8,51,39,1,1,2,10,5,2
SST2,YLR452C,42,41,40,40,38,38,38,39,38,37,37,38,7,7,7,7,7,7,7,7,7,7,7,8,26,37,42,5,7,8,1,39,7,6,3,2,8,6,2
ADH3,YMR083W,477,473,467,459,443,438,440,463,465,456,438,408,874,882,890,902,916,929,939,936,905,883,895,976,26,408,477,69,408,976,567,452,911,0,0,4,7,2,4
YRO2,YBR054W,329,330,332,337,342,353,366,384,387,385,373,351,47,56,69,85,112,125,122,116,124,122,113,92,26,329,387,58,47,125,78,356,99,4,1,5,7,2,4
MRPL13,YKR006C,41,40,39,38,36,34,32,30,28,27,26,26,12,13,13,13,11,9,6,5,6,7,7,6,26,26,41,15,5,13,8,33,9,4,2,2,3,2,2
OST3,YOR085W,89,88,88,87,86,84,84,85,84,85,87,92,96,99,101,104,106,112,119,122,114,108,101,93,26,84,92,8,92,122,31,86,106,1,0,3,11,4,3
TPO1,YLL028W,73,72,72,71,70,71,71,75,74,75,77,82,2,2,2,2,2,3,3,3,3,3,2,2,26,70,82,12,2,3,1,74,2,30,9,3,7,2,3
REH1,YLR387C,43,41,39,38,35,35,35,35,35,35,35,35,10,11,11,11,12,11,11,11,11,11,10,9,26,35,43,9,9,12,3,37,11,3,3,1,5,4,1
SFA1,YDL168W,55,58,63,68,78,80,79,72,70,73,81,96,32,35,38,44,53,54,52,50,51,55,54,44,26,55,96,41,32,55,22,73,47,2,2,1,2,2,1
AIM10,YER087W,10,10,9,9,8,8,8,9,8,8,7,8,9,9,9,9,10,10,8,6,4,3,3,2,26,7,10,3,2,10,8,8,7,1,0,3,4,1,3
PTM1,YKL039W,53,51,48,44,40,38,37,40,38,35,32,29,3,3,4,4,4,4,4,4,4,4,4,4,26,29,53,25,3,4,0,40,4,11,57,0,2,9,0
IES3,YLR052W,64,63,63,61,60,57,55,50,47,45,43,41,5,5,5,6,6,6,7,8,9,9,9,8,26,41,64,23,5,9,4,54,7,8,5,2,3,2,1
TCB2,YNL087W,47,47,47,47,46,46,45,44,45,46,47,49,11,11,11,11,11,11,12,12,10,10,11,14,26,44,49,5,10,14,3,46,11,4,2,2,9,4,2
CEX1,YOR112W,17,16,16,15,15,14,14,15,14,14,13,12,20,21,21,22,24,25,29,33,34,33,31,27,26,12,17,4,12,34,21,15,27,1,0,3,4,2,2
THI6,YPL214C,22,22,21,20,19,18,18,19,22,22,22,20,4,4,4,5,5,5,5,4,4,4,4,5,26,18,22,5,4,5,1,20,4,5,4,1,5,4,1
IMH1,YLR309C,17,18,18,18,19,19,19,19,18,17,18,19,28,28,27,26,24,21,20,20,21,21,19,14,26,17,19,2,14,28,14,18,22,1,0,5,9,2,5
ELP2,YGR200C,64,64,63,62,60,59,60,63,66,65,59,46,36,37,37,37,36,34,33,32,31,30,29,28,26,46,66,20,28,37,9,61,33,2,2,1,3,4,1
ALO1,YML086C,56,54,52,50,48,48,48,49,47,46,44,42,168,163,159,157,159,172,178,183,179,179,184,201,26,42,56,14,42,201,159,49,173,0,0,3,4,1,3
DIP5,YPL265W,189,200,211,218,226,208,187,172,198,210,220,216,14,14,14,14,14,14,14,13,13,13,13,13,26,172,226,54,13,14,1,205,13,15,40,0,4,10,0
MXR2,YCL033C,32,33,36,39,45,46,45,41,38,39,44,53,21,23,23,23,20,14,13,12,15,15,12,6,26,32,53,21,6,23,17,41,17,2,1,2,3,1,2
IVY1,YDR229W,28,27,26,25,23,22,20,21,18,16,13,12,14,14,15,15,16,18,19,19,17,15,16,20,26,12,28,16,12,20,8,21,16,1,2,1,2,2,1
APL1,YJR005W,33,33,34,34,35,35,35,38,37,35,31,25,8,8,8,8,8,9,9,10,10,10,9,9,26,25,38,13,8,10,2,34,9,4,7,1,3,5,1
AHP1,YLR109W,2145,2114,2115,2162,2304,2504,2662,2615,2554,2503,2387,2187,4517,3976,3354,2540,1504,914,562,711,1828,2815,3568,3668,26,2114,2662,548,562,4517,3955,2354,2496,1,0,7,5,1,4
RPL38,YLR325C,4166,4181,4190,4200,4186,4228,4248,4170,4199,4208,4205,4176,450,464,476,486,481,495,507,514,504,490,494,541,26,4166,4248,82,450,541,92,4196,492,9,1,10,52,6,9
CPR3,YML078W,203,204,206,207,211,205,196,179,173,171,173,180,313,291,264,227,176,149,126,131,220,281,321,313,26,171,211,41,126,321,196,192,234,1,0,4,5,2,3
VTC4,YJL012C,125,124,123,122,120,120,120,117,113,110,107,107,234,237,241,247,257,261,272,280,274,273,274,280,25,107,125,18,107,280,173,117,261,0,0,4,7,2,4
PRD1,YCL057W,41,39,37,35,34,32,31,31,26,25,27,34,106,109,113,118,127,140,143,144,141,139,136,133,25,25,41,15,34,144,110,33,129,0,0,2,3,1,2
LHP1,YDL051W,259,263,266,269,272,273,269,248,257,257,249,223,164,163,162,158,149,158,162,167,168,165,167,178,25,223,273,50,149,178,29,259,163,2,2,1,5,6,1
NOT3,YIL038C,32,32,31,31,30,31,32,31,29,28,28,30,30,31,31,31,32,30,29,28,31,32,31,27,25,28,32,4,27,32,5,30,30,1,1,1,8,7,1
SHE10,YGL228W,50,50,50,51,54,55,56,58,57,56,55,53,7,7,8,8,10,11,11,11,10,10,10,11,25,50,58,8,7,11,4,54,9,6,2,3,7,3,3
ADE3,YGR204W,280,273,265,255,239,236,238,252,253,249,242,228,3418,3450,3504,3596,3763,3903,3946,3944,3875,3863,3880,3953,25,228,280,52,228,3953,3724,251,3758,0,0,5,5,1,5
DOA1,YKL213C,26,25,23,22,20,20,21,23,21,20,20,22,23,23,24,24,25,27,28,30,31,32,31,27,25,20,26,6,22,32,11,22,27,1,1,1,4,3,1
LEU4,YNL104C,368,374,385,397,425,424,423,431,449,453,446,412,607,622,639,662,694,709,708,703,711,724,735,738,25,368,453,85,412,738,326,415,688,1,0,2,5,2,2
UBP1,YDL122W,49,49,49,49,47,47,47,46,47,48,50,53,14,14,14,15,16,18,17,16,16,18,19,19,25,46,53,7,14,19,5,49,16,3,1,2,8,3,2
TRS33,YOR115C,55,55,55,55,55,55,54,52,51,53,59,70,35,34,34,33,30,30,30,30,30,31,33,35,25,51,70,19,30,35,5,56,32,2,4,0,4,7,1
SSM4,YIL030C,29,29,28,28,28,29,30,29,29,29,29,28,21,21,22,22,23,24,24,25,25,25,25,23,25,28,30,2,21,25,4,29,23,1,0,3,18,7,3
YIM1,YMR152W,28,26,25,25,26,28,30,32,28,25,21,18,35,36,37,39,41,44,45,46,46,46,46,45,25,18,32,14,18,46,29,26,42,1,0,1,2,2,1
ARO3,YDR035W,500,502,507,514,528,539,547,549,554,545,518,462,165,164,162,157,146,143,143,146,147,140,130,119,25,462,554,93,119,165,46,522,147,4,2,2,6,4,2
YER134C,YER134C,51,50,49,48,48,48,49,49,44,41,41,46,36,37,37,38,38,33,29,25,25,24,23,22,25,41,51,10,22,38,16,47,30,2,1,2,5,2,2
YUH1,YJR099W,25,26,26,27,29,27,25,19,18,19,23,29,6,7,7,8,9,10,11,12,14,15,15,15,25,18,29,11,6,15,9,24,11,2,1,2,3,2,2
LEO1,YOR123C,74,73,72,71,70,69,66,60,59,62,68,80,25,23,20,17,13,11,11,13,19,22,25,26,25,59,80,21,11,26,15,69,19,4,1,3,4,2,2
CNA1,YLR433C,25,25,25,25,25,24,24,22,23,24,24,25,13,13,13,14,15,16,17,18,18,19,20,22,25,22,25,2,13,22,9,24,16,1,0,5,10,2,4
DLD3,YEL071W,142,131,118,107,88,99,117,138,140,136,123,102,1842,1851,1865,1885,1916,1943,1941,1918,1855,1820,1825,1903,25,88,142,55,102,1943,1841,120,1880,0,0,2,3,1,2
YGR210C,YGR210C,81,79,76,73,66,67,70,74,76,78,79,82,25,25,25,25,25,28,28,28,27,27,27,29,25,66,82,16,25,29,4,75,27,3,4,1,5,7,1
NUP188,YML103C,20,20,19,19,17,18,18,18,18,18,18,18,4,4,4,4,4,4,4,4,4,5,5,7,25,17,20,3,4,7,3,18,4,4,1,5,7,2,3
ADE17,YMR120C,1132,1118,1102,1084,1057,1051,1048,1049,1008,975,944,927,4883,4907,4943,5000,5096,5153,5213,5231,5144,5131,5183,5354,25,927,1132,205,927,5354,4427,1041,5103,0,0,4,6,1,5
MKT1,YNL085W,41,41,40,40,39,40,41,41,39,38,37,38,7,6,6,5,4,4,4,5,5,5,6,7,25,37,41,4,4,7,3,40,5,7,1,6,11,2,5
RAS2,YNL098C,189,182,174,166,153,151,158,192,183,164,131,85,216,214,209,198,174,155,134,112,95,76,64,63,25,85,192,107,63,216,152,161,143,1,1,2,2,1,1
GSH2,YOL049W,52,50,48,46,44,43,43,47,44,42,42,45,32,33,33,34,35,35,34,33,35,38,39,35,25,42,52,10,32,39,7,45,35,1,1,1,5,6,1
TAL1,YLR354C,763,757,752,747,745,739,738,754,749,732,701,647,4415,4462,4502,4553,4634,4486,4325,4135,4072,3903,3662,3308,25,647,763,117,647,4634,3987,735,4205,0,0,6,7,1,6
ZEO1,YOL109W,2682,2704,2736,2772,2845,2855,2860,2872,2875,2893,2929,2995,272,274,267,246,197,153,125,100,86,60,39,31,25,2682,2995,313,31,274,243,2835,154,18,1,14,10,1,8
GAT1,YFL021W,126,126,126,126,128,128,130,136,139,141,141,139,6,6,6,6,5,3,3,5,8,10,9,5,25,126,141,15,3,10,6,132,6,22,2,9,9,2,6
SPF1,YEL031W,60,60,59,59,58,60,62,64,65,66,66,65,409,411,417,427,445,475,504,528,528,534,540,552,25,58,66,7,65,552,487,62,481,0,0,9,9,1,8
YMR027W,YMR027W,52,51,50,49,51,47,45,48,45,43,42,42,116,120,125,133,147,155,160,161,151,144,142,148,25,42,52,10,42,161,118,47,142,0,0,4,5,1,4
FSH3,YOR280C,29,29,29,29,29,29,29,27,25,26,30,38,62,61,60,58,53,53,57,60,58,54,51,51,25,25,38,13,38,62,24,29,57,1,1,1,3,3,1
CYS4,YGR155W,249,233,213,192,159,152,152,152,181,189,183,145,2083,1991,1865,1676,1367,1200,1065,957,832,727,721,887,25,145,249,104,145,2083,1938,183,1281,0,0,3,2,1,2
MRH1,YDR033W,1695,1682,1666,1647,1614,1595,1593,1643,1637,1621,1593,1553,176,187,203,227,267,281,296,301,289,289,284,273,25,1553,1695,142,176,301,125,1628,256,6,1,6,12,2,5
ARC1,YGL105W,417,414,410,404,394,391,388,379,374,376,384,405,1349,1289,1204,1072,847,739,647,559,411,309,311,494,25,374,417,43,309,1349,1039,395,769,1,0,12,10,1,7
YHR112C,YHR112C,58,57,56,55,55,54,54,56,57,58,58,56,95,90,85,78,70,69,66,66,71,73,77,83,25,54,58,4,56,95,39,56,77,1,0,7,14,2,6
TDH1,YJL052W,803,794,789,778,778,731,704,747,792,807,803,747,2743,3555,4513,5818,7622,8426,8488,8209,8226,8174,7617,6250,25,704,807,103,747,8488,7741,773,6637,0,0,9,8,1,7
LIA1,YJR070C,399,404,406,407,399,399,396,386,410,399,354,252,300,284,270,255,246,261,270,287,323,335,345,357,25,252,410,159,246,357,111,384,294,1,1,1,3,3,1
PDR16,YNL231C,112,110,106,101,91,88,85,80,83,94,115,149,66,66,67,69,72,81,84,84,75,69,69,81,25,80,149,69,66,84,18,101,74,1,4,0,2,5,0
MGM1,YOR211C,14,15,15,16,19,19,19,19,20,21,20,19,7,7,7,8,9,11,11,11,9,9,9,11,25,14,21,7,7,11,4,18,9,2,2,1,3,3,1
YIR035C,YIR035C,142,143,144,146,150,151,154,163,166,167,165,159,3,3,3,3,3,3,3,3,3,3,4,4,24,142,167,25,3,4,1,154,3,47,20,2,7,3,2
YKE2,YLR200W,134,134,133,132,130,132,131,122,118,119,123,133,32,34,35,34,31,30,32,35,41,42,36,19,24,118,134,16,19,42,22,128,33,4,1,5,9,2,5
PTC3,YBL056W,100,99,98,97,98,94,88,83,73,66,62,63,5,5,5,6,7,8,9,10,12,14,16,20,24,62,100,38,5,20,14,85,10,9,3,3,3,1,2
LSM12,YHR121W,89,88,88,87,87,86,85,81,79,79,81,88,8,9,9,9,10,11,12,12,11,10,10,12,24,79,89,10,8,12,4,85,10,8,3,3,9,3,3
NUP100,YKL068W,29,28,27,26,25,24,25,25,25,25,24,22,26,26,25,25,24,23,23,21,20,19,20,22,24,22,29,7,19,26,7,25,23,1,1,1,4,4,1
HCH1,YNL281W,153,150,146,142,136,142,153,164,167,172,178,190,111,103,94,84,73,68,68,83,139,178,193,164,24,136,190,55,68,193,126,158,113,1,0,3,3,2,2
SPE2,YOL052C,49,49,49,49,49,48,49,51,53,51,46,37,11,12,12,13,13,14,15,15,13,11,11,13,24,37,53,16,11,15,4,48,13,4,4,1,3,4,1
MDM38,YOL027C,99,99,98,97,93,91,89,84,87,89,93,95,103,104,104,103,101,96,91,85,86,86,84,79,24,84,99,14,79,104,24,93,93,1,1,2,7,4,2
PDI1,YCL043C,292,292,294,298,306,313,321,338,339,340,339,339,1891,1776,1620,1395,1074,743,509,448,859,963,836,269,24,292,340,47,269,1891,1622,318,1032,0,0,11,7,1,6
TED1,YIL039W,63,63,63,64,64,64,63,61,62,63,65,67,11,11,11,11,11,11,12,13,14,15,15,15,24,61,67,7,11,15,5,64,13,5,2,3,10,3,3
SGM1,YJR134C,22,22,22,22,22,21,21,20,19,19,20,21,6,6,5,5,4,3,3,3,4,5,5,3,24,19,22,3,3,6,3,21,4,5,1,4,7,2,3
APE2,YKL157W,46,46,46,46,48,48,48,50,48,47,44,41,425,431,442,462,497,537,555,561,540,541,540,535,24,41,50,10,41,561,521,46,506,0,0,5,5,1,5
STE23,YLR389C,24,23,22,21,19,18,19,21,21,20,18,14,34,32,30,27,25,27,34,42,46,46,41,31,24,14,24,11,14,46,32,20,35,1,0,2,2,1,2
YNR021W,YNR021W,137,135,132,128,123,121,121,123,120,118,116,115,62,63,64,66,70,71,74,75,71,70,71,76,24,115,137,22,62,76,14,124,69,2,2,1,6,5,1
IAH1,YOR126C,23,23,22,22,23,22,22,22,19,18,17,19,4,5,5,6,6,7,8,9,10,12,15,18,24,17,23,6,4,18,13,21,9,2,0,5,4,1,3
SVL3,YPL032C,39,39,38,37,35,35,36,39,40,39,37,34,36,37,38,39,42,42,47,51,52,50,47,43,24,34,40,6,34,52,18,37,44,1,0,3,7,3,2
MET12,YPL023C,40,40,41,42,44,46,47,46,42,40,38,37,4,4,4,4,4,4,4,5,6,8,9,8,24,37,47,9,4,9,5,42,6,8,2,4,5,2,3
PMT1,YDL095W,66,66,66,66,65,66,68,71,70,70,70,72,102,100,98,96,96,102,107,113,111,119,133,159,24,65,72,7,72,159,87,68,111,1,0,8,11,2,6
NGG1,YDR176W,26,24,22,19,15,13,13,15,16,15,14,10,3,3,4,4,5,5,5,4,4,4,5,6,24,10,26,16,3,6,3,17,4,4,5,1,2,2,1
RNR1,YER070W,101,100,100,100,99,100,102,105,105,104,104,103,180,177,174,169,162,163,169,174,169,177,186,198,24,99,105,6,103,198,95,102,175,1,0,9,18,2,8
OSH3,YHR073W,28,27,26,25,23,21,20,20,20,19,19,19,38,38,38,39,39,42,44,47,48,49,46,38,24,19,28,9,19,49,29,22,42,1,0,2,3,2,2
LYS20,YDL182W,526,532,540,552,566,595,623,644,654,648,620,559,686,680,673,663,649,642,646,656,663,665,657,629,24,526,654,128,559,686,127,588,659,1,1,1,5,5,1
DSD1,YGL196W,43,42,42,41,40,40,40,46,49,50,49,46,4,4,5,5,5,4,4,4,4,4,4,3,24,40,50,10,3,5,2,44,4,11,6,2,5,3,2
PTC7,YHR076W,55,56,56,57,59,59,57,54,53,54,56,61,39,39,39,38,34,29,27,25,26,26,24,20,24,53,61,8,20,39,20,56,30,2,0,5,8,2,4
MNN5,YJL186W,43,44,45,46,49,49,50,50,49,49,49,49,65,65,65,66,67,70,72,72,68,67,69,76,24,43,50,7,49,76,27,48,68,1,0,3,7,3,2
ARG3,YJL088W,194,187,180,172,163,161,164,180,193,193,182,151,293,295,297,300,301,301,303,302,294,287,285,291,24,151,194,43,151,303,152,177,296,1,0,2,4,2,2
BNA3,YJL060W,38,33,28,23,15,18,24,34,41,47,50,51,461,467,477,496,527,564,598,618,595,578,561,552,24,15,51,36,51,618,568,33,541,0,0,1,1,1,1
BDF1,YLR399C,78,77,76,75,74,75,78,84,81,78,74,70,12,12,12,12,13,13,14,15,14,16,18,21,24,70,84,13,12,21,9,77,14,5,1,4,6,2,3
SPE3,YPR069C,298,301,304,308,313,319,322,310,315,321,326,329,842,835,824,806,773,751,715,678,637,605,602,648,24,298,329,31,329,842,513,314,726,0,0,7,11,2,7
ENO1,YGR254W,2948,2907,2857,2797,2701,2635,2617,2741,2708,2655,2579,2482,4016,4346,4633,4927,5154,4646,4208,4184,6023,7525,8428,7979,24,2482,2948,466,2482,8428,5946,2719,5506,0,0,6,6,1,4
PAM17,YKR065C,69,69,71,72,76,72,67,59,51,46,45,48,29,29,30,30,28,27,27,26,24,20,18,19,24,45,76,31,18,30,12,62,26,2,3,1,2,3,1
FCY2,YER056C,615,611,604,593,571,559,547,535,533,523,507,481,60,60,60,61,61,61,62,63,61,60,60,64,24,481,615,135,60,64,4,557,61,9,35,0,5,16,0
AIM7,YDR063W,103,98,92,84,73,66,63,68,58,57,64,88,69,70,71,71,69,63,65,68,72,69,61,48,24,57,103,46,48,72,24,76,66,1,2,1,2,3,1
GTB1,YDR221W,14,14,14,14,13,14,14,15,14,14,13,12,8,8,8,8,8,8,7,8,10,13,15,16,24,12,15,3,7,16,8,14,10,1,0,5,6,2,3
ADE8,YDR408C,255,256,257,258,262,262,261,256,252,249,247,247,98,99,100,101,103,105,104,101,92,85,80,80,24,247,262,16,80,105,25,255,96,3,1,4,17,4,4
SAM2,YDR502C,561,562,562,563,562,564,561,551,553,542,518,475,1498,1510,1529,1558,1591,1710,1713,1692,1636,1609,1681,1941,24,475,564,89,475,1941,1466,548,1639,0,0,6,6,1,5
FSH1,YHR049W,173,178,182,185,183,185,194,216,280,301,289,210,181,166,149,126,95,80,74,72,67,66,69,76,24,173,301,128,66,181,115,215,102,2,1,2,2,2,1
LSM1,YJL124C,159,159,161,161,164,162,158,147,146,147,152,161,2,2,2,2,2,2,3,3,2,2,3,4,24,146,164,18,2,4,2,157,3,61,10,6,9,2,4
ADD66,YKL206C,40,40,40,39,39,39,39,41,39,38,37,36,13,13,13,12,10,13,17,21,21,18,15,15,24,36,41,4,10,21,10,39,15,3,0,7,10,2,5
YJU3,YKL094W,99,99,101,103,111,113,117,125,132,133,129,115,38,39,39,40,39,36,34,32,33,32,29,22,24,99,133,34,22,40,17,115,34,3,2,2,4,2,2
DPB4,YDR121W,63,64,66,69,72,74,73,64,64,65,66,66,6,6,6,6,6,6,6,7,9,9,8,5,24,63,74,12,5,9,4,67,7,10,3,4,6,2,3
SUM1,YDR310C,29,29,30,30,32,34,35,34,33,33,35,38,5,5,5,5,5,5,5,6,6,6,6,5,24,29,38,9,5,6,1,33,5,6,7,1,4,5,1
YGR054W,YGR054W,89,86,83,79,72,71,70,70,72,71,67,59,88,85,83,81,78,78,80,82,81,83,87,91,24,59,89,30,59,91,32,74,83,1,1,1,3,3,1
YOR131C,YOR131C,47,46,45,44,43,40,38,40,40,37,31,19,39,39,39,39,39,39,38,36,33,31,32,38,24,19,47,28,19,39,20,39,37,1,1,1,2,2,1
IOC2,YLR095C,23,22,21,20,19,18,18,20,19,19,18,18,7,7,7,7,7,8,8,8,8,8,9,11,24,18,23,5,7,11,5,20,8,2,1,2,5,2,2
ANB1,YJR047C,41,45,49,53,56,60,66,74,84,87,83,67,25,27,29,30,31,31,34,37,38,37,40,51,24,41,87,46,25,51,26,64,34,2,2,1,2,2,1
ODC2,YOR222W,407,406,403,400,394,388,385,390,394,397,402,406,201,204,208,214,224,229,233,232,222,216,210,205,24,385,407,22,201,233,32,398,216,2,1,3,18,7,3
ILV6,YCL009C,680,680,682,684,691,690,688,687,685,687,692,700,418,420,430,448,479,566,580,563,465,420,437,577,24,680,700,21,418,580,163,687,484,1,0,11,34,4,10
RGA2,YDR379W,16,16,16,16,15,15,15,17,16,15,12,7,3,3,4,4,5,5,4,4,4,4,5,6,24,7,17,10,3,6,3,15,4,4,3,1,2,2,1
AAT2,YLR027C,304,300,296,292,286,281,280,293,293,292,288,283,1278,1303,1329,1361,1401,1398,1381,1350,1328,1311,1300,1298,24,280,304,24,283,1401,1118,291,1336,0,0,10,13,1,10
RKR1,YMR247C,10,11,11,11,11,11,12,12,12,12,12,11,4,4,5,5,5,6,6,6,7,7,7,7,24,10,12,2,4,7,3,11,6,2,1,3,6,2,3
RRP6,YOR001W,59,60,60,60,59,59,59,57,60,58,53,40,9,9,9,9,9,9,9,10,10,10,10,10,24,40,60,20,9,10,1,57,9,6,17,0,3,9,0
WTM1,YOR230W,178,168,158,149,140,136,134,136,113,106,109,136,1059,1034,1002,959,897,848,785,724,650,634,745,1061,24,106,178,73,136,1061,925,139,867,0,0,2,2,1,2
PRO1,YDR300C,68,69,69,70,71,71,71,67,68,69,68,66,25,25,27,28,32,37,39,40,35,33,32,37,24,66,71,5,25,40,15,69,32,2,0,6,14,3,5
PHO84,YML123C,579,576,573,571,566,576,583,574,557,539,516,491,118,121,122,123,119,111,106,100,96,92,91,93,24,491,583,92,91,123,32,558,108,5,3,2,6,4,2
SIR3,YLR442C,13,12,12,12,12,12,11,11,10,10,10,10,1,1,1,1,2,2,2,2,2,2,2,2,24,10,13,3,1,2,1,11,2,6,3,2,4,2,2
HMG1,YML075C,27,27,26,26,26,26,26,27,28,29,30,31,1,1,1,1,1,1,1,1,1,1,1,1,24,26,31,6,1,1,1,27,1,25,7,3,5,2,3
RIM1,YCR028C-A,309,309,310,310,313,308,300,286,277,279,295,329,180,169,161,154,154,176,191,202,179,148,109,67,24,277,329,53,67,202,135,302,157,2,0,5,6,1,4
KTR1,YOR099W,126,127,130,135,144,149,153,150,149,151,154,159,59,60,61,62,63,62,59,56,54,55,59,67,24,126,159,34,54,67,13,144,60,2,3,1,5,5,1
ALE1,YOR175C,48,49,50,50,53,49,45,46,52,55,56,53,12,12,12,13,15,16,17,19,20,21,21,18,24,45,56,11,12,21,10,51,16,3,1,3,5,2,2
YPT31,YER031C,123,124,124,124,123,119,116,120,123,125,127,128,34,33,30,28,24,23,23,24,24,23,22,18,23,116,128,12,18,34,16,123,25,5,1,7,11,2,5
ANP1,YEL036C,82,83,83,82,81,79,77,74,76,79,87,99,14,14,14,14,15,16,17,17,17,16,14,12,23,74,99,25,12,17,5,82,15,5,5,1,4,3,1
FMC1,YIL098C,31,30,29,28,27,24,22,19,15,11,8,6,3,3,3,3,3,3,3,4,4,5,5,7,23,6,31,26,3,7,4,21,4,5,6,1,1,2,1
VTC2,YFL004W,63,63,63,63,63,62,61,59,58,58,60,63,99,101,103,107,112,117,120,120,115,110,109,113,23,58,63,5,63,120,56,61,110,1,0,6,12,2,6
BNA6,YFR047C,118,118,118,119,122,120,119,119,115,115,116,121,56,56,57,59,62,62,64,67,70,68,63,55,23,115,122,7,55,70,15,118,62,2,0,4,17,5,4
CWH41,YGL027C,23,23,23,22,22,22,22,23,23,23,23,23,27,28,28,28,28,28,29,29,32,33,32,28,23,22,23,1,23,33,10,23,29,1,0,6,19,3,6
YCK1,YHR135C,68,67,67,67,67,66,66,69,68,68,69,72,3,3,3,3,3,3,4,5,6,6,5,3,23,66,72,6,3,6,3,68,4,18,2,10,13,2,7
PUT1,YLR142W,158,166,176,186,204,205,204,209,220,247,293,364,19,18,18,18,17,16,16,16,15,15,15,16,23,158,364,206,15,19,4,219,17,13,57,0,2,5,0
ANT1,YPR128C,29,28,28,27,26,26,26,27,25,25,26,28,2,2,3,3,3,3,3,3,3,3,3,3,23,25,29,3,2,3,1,27,3,9,4,3,9,4,2
APL6,YGR261C,26,25,24,23,21,19,19,19,18,18,19,21,6,6,6,5,5,5,6,8,12,13,11,3,23,18,26,8,3,13,10,21,7,3,1,4,3,1,2
YCR051W,YCR051W,137,140,143,146,149,151,150,143,146,150,155,162,44,41,37,31,22,14,13,17,35,41,34,6,23,137,162,25,6,44,37,148,28,5,1,8,7,1,6
TMA108,YIL137C,20,20,20,19,20,20,20,21,18,16,14,12,55,55,55,56,59,62,64,66,66,69,70,69,23,12,21,9,12,70,58,18,62,0,0,2,2,1,2
HAT2,YEL056W,27,25,23,21,19,16,14,16,14,12,10,9,18,18,17,16,14,13,13,14,15,14,13,10,23,9,27,18,9,18,10,17,15,1,2,1,1,2,1
YJL055W,YJL055W,167,167,169,171,178,180,179,174,165,163,164,172,100,90,80,67,53,42,29,19,13,14,17,19,23,163,180,17,13,100,87,171,45,4,0,19,11,1,9
YMR099C,YMR099C,98,97,96,95,95,94,93,92,89,87,88,92,310,320,328,334,334,309,293,276,273,265,253,236,23,87,98,10,92,334,242,93,294,0,0,7,9,1,7
MCK1,YNL307C,104,103,102,101,99,98,97,100,102,102,102,100,164,166,168,172,176,180,184,183,174,174,177,188,23,97,104,7,100,188,89,101,176,1,0,7,15,2,7
SER1,YOR184W,427,421,413,406,394,394,397,407,405,399,388,371,1668,1637,1601,1550,1479,1454,1418,1392,1380,1346,1309,1270,23,371,427,56,371,1668,1296,402,1459,0,0,6,8,1,6
CPA1,YOR303W,576,582,591,602,623,631,629,601,593,632,719,881,362,359,356,351,343,336,338,339,331,318,315,334,23,576,881,305,315,362,47,638,340,2,6,0,3,8,0
MRI1,YPR118W,78,77,77,77,76,78,79,79,79,80,80,81,77,77,76,75,74,70,67,65,62,60,59,58,23,76,81,5,58,77,19,78,68,1,0,4,16,4,4
ROT2,YBR229C,9,8,7,6,5,5,5,6,6,5,3,1,10,11,11,10,9,8,8,7,9,10,11,12,23,1,9,8,1,12,10,6,10,1,1,1,1,1,1
CCC1,YLR220W,60,62,65,68,73,75,76,73,72,75,83,99,10,10,9,9,9,8,9,9,9,9,9,9,23,60,99,38,8,10,2,73,9,8,24,0,3,6,0
CAF16,YFL028C,112,110,107,105,101,97,95,93,93,95,99,107,17,17,17,17,17,17,17,17,16,17,19,23,23,93,112,19,16,23,7,101,18,6,3,2,6,3,2
PGM1,YKL127W,51,50,49,49,48,47,48,52,54,54,53,51,70,72,76,80,86,96,104,108,97,86,77,76,23,47,54,7,51,108,57,51,86,1,0,5,8,2,4
NUP53,YMR153W,38,38,38,38,37,37,38,40,39,39,38,38,12,12,13,13,14,11,9,7,10,13,13,8,23,37,40,3,7,14,7,38,11,3,0,9,15,2,8
URE2,YNL229C,80,79,78,76,73,70,68,65,63,63,64,66,6,6,6,6,7,7,8,8,8,9,11,13,23,63,80,17,6,13,8,70,8,9,2,4,5,2,3
GLR1,YPL091W,72,71,71,71,73,74,74,70,68,71,76,85,211,209,206,202,198,191,181,169,154,143,133,126,23,68,85,17,85,211,125,73,177,0,0,3,5,2,3
SAM1,YLR180W,1237,1221,1198,1174,1127,1119,1132,1190,1225,1201,1123,958,2502,2495,2487,2473,2446,2456,2453,2452,2436,2448,2521,2698,23,958,1237,280,958,2698,1741,1159,2489,0,0,3,4,2,3
YAP1,YML007W,44,43,42,41,41,41,42,46,44,43,42,43,25,24,23,22,19,17,15,13,13,14,14,14,23,41,46,5,13,25,12,43,18,2,0,5,8,2,4
SLC1,YDL052C,87,84,81,78,73,71,70,72,72,66,54,33,101,102,104,108,116,122,128,132,128,125,120,111,23,33,87,54,33,132,99,70,116,1,1,1,2,1,1
CAJ1,YER048C,84,85,87,90,95,97,97,94,89,91,99,118,165,153,139,119,88,86,87,95,110,115,114,102,23,84,118,33,86,165,79,94,114,1,0,2,4,2,2
SER3,YER081W,387,380,371,362,347,341,337,333,314,304,301,313,301,314,334,366,418,470,499,520,539,546,535,496,23,301,387,86,301,546,246,341,445,1,0,2,4,2,2
OTU1,YFL044C,30,29,29,28,28,28,29,30,30,30,31,34,17,18,18,19,20,20,20,20,21,21,22,22,23,28,34,6,17,22,5,30,20,2,1,1,6,5,1
GCN1,YGL195W,23,23,23,22,21,21,21,22,22,22,21,20,729,732,741,758,793,830,864,889,875,882,897,926,23,20,23,4,20,926,906,22,826,0,0,7,6,1,6
YGL039W,YGL039W,49,49,48,48,47,47,48,51,53,53,51,45,9,9,9,9,9,11,11,12,13,14,16,15,23,45,53,8,9,16,7,49,11,4,1,4,7,2,3
ZRT3,YKL175W,76,78,79,81,83,82,80,77,83,87,89,88,2,2,2,2,2,2,2,2,2,3,2,1,23,76,89,13,1,3,2,82,2,42,7,6,7,2,4
HIS3,YOR202W,458,457,456,456,455,456,458,464,461,456,449,439,81,80,79,80,84,93,94,94,91,84,77,70,23,439,464,25,70,94,25,455,84,5,1,5,18,4,5
EGD1,YPL037C,877,868,857,844,822,821,820,803,790,784,785,800,1013,930,824,677,479,293,214,306,839,1095,1054,462,23,784,877,93,214,1095,881,823,682,1,0,11,9,1,8
RTT103,YDR289C,21,21,21,22,23,24,24,22,20,20,21,24,20,20,20,20,18,14,14,16,20,21,20,14,23,20,24,4,14,21,8,22,18,1,1,2,6,3,2
GGC1,YDL198C,332,331,330,329,328,322,318,318,321,324,327,327,158,158,159,160,161,159,158,158,158,160,162,162,23,318,332,15,158,162,4,326,159,2,3,1,23,38,1
HHF1,YBR009C,2110,2116,2130,2149,2188,2212,2229,2225,2181,2241,2393,2701,1939,1985,2035,2097,2175,2184,2249,2300,2314,2275,2203,2090,23,2110,2701,591,1939,2314,376,2240,2154,1,2,1,5,6,1
MTR10,YOR160W,19,19,19,19,18,17,17,17,17,17,17,18,12,13,14,15,16,18,19,20,20,21,23,25,23,17,19,2,12,25,12,18,18,1,0,5,8,2,4
URA2,YJL130C,91,91,90,88,86,84,83,80,83,85,85,82,3808,3812,3839,3900,4044,4134,4228,4282,4207,4238,4256,4237,23,80,91,11,82,4282,4200,86,4082,0,0,8,9,1,8
PBP4,YDL053C,130,131,132,133,135,135,133,127,124,123,122,122,124,125,124,120,110,89,76,64,64,54,42,25,23,122,135,14,25,125,100,129,85,2,0,11,10,1,8
MET13,YGL125W,116,113,111,108,105,103,103,109,108,103,95,80,418,418,417,416,413,405,401,396,390,391,397,410,23,80,116,35,80,418,338,104,406,0,0,2,3,1,3
YHR045W,YHR045W,31,31,31,32,32,32,31,30,31,31,32,33,6,6,6,5,5,6,7,8,8,7,7,6,23,30,33,3,5,8,2,31,6,5,1,4,12,3,4
APS3,YJL024C,53,55,57,60,64,64,62,58,57,56,56,57,18,18,18,19,20,20,17,14,9,8,10,16,23,53,64,11,8,20,12,58,16,4,1,4,6,2,4
NNT1,YLR285W,88,88,88,89,89,91,93,93,94,95,96,99,22,20,19,17,13,15,19,22,22,20,19,20,23,88,99,12,13,22,9,92,19,5,1,4,8,3,3
PLB2,YMR006C,39,38,38,37,36,34,32,31,30,30,31,32,24,24,24,25,25,24,24,25,26,26,25,21,23,30,39,8,21,26,4,34,24,1,2,1,5,6,1
PEX25,YPL112C,54,55,56,58,60,61,61,60,65,70,77,84,3,2,2,2,3,3,3,3,3,3,3,3,23,54,84,31,2,3,1,63,3,24,43,1,3,4,1
ATP15,YPL271W,426,446,476,507,575,576,550,466,421,421,457,547,14,15,15,14,11,8,7,8,9,10,10,11,23,421,576,155,7,15,8,489,11,44,20,2,4,2,2
YTA7,YGR270W,23,23,23,23,24,25,27,28,28,27,26,25,7,7,8,8,8,9,9,9,8,6,6,7,23,23,28,6,6,9,3,25,8,3,2,2,5,3,2
DPL1,YDR294C,44,44,43,43,42,43,44,48,46,44,40,36,22,23,25,27,31,33,34,33,29,28,29,33,23,36,48,12,22,34,11,43,29,1,1,1,4,3,1
SMY1,YKL079W,22,23,23,23,24,23,22,20,19,18,17,16,4,4,4,4,5,5,4,4,4,5,6,9,23,16,24,8,4,9,5,21,5,4,1,3,3,2,2
HOG1,YLR113W,170,166,162,159,156,159,164,172,168,163,156,145,60,62,65,68,71,75,77,77,72,68,65,68,22,145,172,26,60,77,17,162,69,2,2,2,7,5,1
MRPL7,YDR237W,31,31,30,29,28,25,22,20,19,19,18,17,8,9,10,11,12,13,13,12,11,11,11,12,22,17,31,13,8,13,5,24,11,2,3,1,2,3,1
FMP41,YNL168C,61,60,60,61,61,62,63,64,61,59,57,58,30,30,30,31,31,30,29,28,28,27,26,27,22,57,64,7,26,31,5,61,29,2,1,1,10,7,1
SNF4,YGL115W,63,63,63,62,62,59,57,55,54,54,55,60,18,19,20,23,29,38,43,45,38,33,29,30,22,54,63,9,18,45,27,59,30,2,0,6,7,2,4
MAE1,YKL029C,474,473,472,471,472,470,469,468,464,463,463,468,656,660,664,668,673,669,658,644,632,618,605,594,22,463,474,12,468,673,205,469,645,1,0,13,40,3,12
CSR1,YLR380W,52,53,53,54,56,56,56,55,57,56,54,48,99,99,97,92,79,61,56,53,54,48,42,38,22,48,57,9,38,99,61,54,68,1,0,5,6,2,4
YGR111W,YGR111W,26,26,26,27,29,30,30,30,27,26,26,27,7,7,7,7,7,7,7,7,7,6,5,4,22,26,30,4,4,7,4,27,7,4,1,4,7,2,4
ECM14,YHR132C,80,81,83,86,90,90,89,87,90,90,87,79,26,27,27,27,26,26,25,23,21,19,18,20,22,79,90,12,18,27,9,86,24,4,1,3,8,3,2
ENT3,YJR125C,56,55,54,54,57,57,56,56,50,48,48,54,119,121,118,111,93,62,44,34,56,64,66,53,22,48,57,9,34,121,87,54,78,1,0,7,6,1,4
FPR1,YNL135C,933,936,941,943,955,934,903,857,837,863,938,1082,1172,1020,863,671,450,434,442,543,710,866,956,896,22,837,1082,246,434,1172,738,927,752,1,0,4,4,2,3
TAF14,YPL129W,115,114,113,111,108,106,102,96,94,94,97,105,60,57,56,54,53,57,58,61,65,67,67,66,22,94,115,21,53,67,14,105,60,2,1,1,5,5,1
GET3,YDL100C,160,161,164,168,176,180,180,174,175,176,175,171,598,597,591,578,552,519,475,443,466,472,484,500,22,160,180,20,171,598,427,172,523,0,0,7,9,1,6
SKI8,YGL213C,45,45,44,42,41,40,40,39,39,38,37,36,12,12,12,11,11,10,10,9,8,9,9,9,22,36,45,9,8,12,4,40,10,4,2,2,5,3,2
ZUO1,YGR285C,427,428,427,426,420,418,423,447,470,462,425,339,1456,1469,1464,1435,1341,1246,1229,1228,1236,1201,1142,1050,22,339,470,131,339,1469,1130,426,1292,0,0,3,4,1,3
DAP2,YHR028C,62,62,62,62,64,63,62,60,56,53,50,49,14,14,14,15,16,16,15,13,11,10,10,11,22,49,64,15,10,16,6,59,13,4,3,2,4,3,2
PUT2,YHR037W,50,49,47,46,47,44,40,35,30,30,34,45,178,180,183,187,194,200,203,203,193,185,183,192,22,30,50,20,45,203,158,41,190,0,0,2,2,1,2
MGM101,YJR144W,80,80,80,80,81,81,79,73,72,72,76,83,31,32,32,32,30,30,30,30,30,30,31,33,22,72,83,11,30,33,3,78,31,3,3,1,7,10,1
CHS5,YLR330W,73,72,71,70,70,69,69,74,71,66,56,40,43,44,45,46,48,51,51,51,50,48,45,42,22,40,74,34,40,51,11,67,47,1,3,0,2,5,0
ARO1,YDR127W,79,78,77,75,73,72,73,75,75,75,74,74,1304,1323,1347,1391,1487,1405,1298,1247,1500,1787,1952,1821,22,72,79,6,74,1952,1878,75,1489,0,0,15,12,1,12
PPN1,YDR452W,52,50,47,45,42,40,38,37,31,28,29,36,22,23,24,24,24,21,18,17,20,21,19,12,22,28,52,23,12,24,12,40,20,2,2,1,2,2,1
PAC10,YGR078C,72,71,69,67,62,62,62,61,59,58,59,63,36,31,26,20,11,8,6,6,5,6,8,10,22,58,72,14,5,36,30,64,14,4,0,10,5,1,4
TOM71,YHR117W,27,26,26,25,24,23,23,23,23,23,25,28,47,48,48,49,50,47,45,42,43,43,44,44,22,23,28,6,28,50,22,25,46,1,0,2,5,2,2
RPD3,YNL330C,55,54,53,52,50,46,41,39,39,37,36,34,16,15,14,13,11,12,13,14,15,13,12,9,22,34,55,20,9,16,6,45,13,3,3,1,3,2,1
COQ5,YML110C,107,104,101,97,93,90,87,86,74,69,69,78,38,39,41,44,48,52,50,47,44,44,47,56,22,69,107,38,38,56,19,88,46,2,2,1,3,3,1
YDL086W,YDL086W,117,115,114,112,111,109,108,110,105,105,109,122,74,77,79,82,84,87,86,86,94,96,94,85,22,105,122,17,74,96,23,111,85,1,1,2,7,4,2
YIP5,YGL161C,61,61,61,62,65,65,65,65,56,51,49,53,12,11,11,11,11,10,10,9,8,8,8,9,22,49,65,17,8,12,4,59,10,6,4,1,4,3,1
GSF2,YML048W,93,93,95,100,112,120,126,130,130,125,110,83,151,150,149,148,146,146,147,150,152,147,143,141,22,83,130,48,83,152,69,110,148,1,1,1,3,2,1
STO1,YMR125W,38,37,36,35,33,32,30,29,29,29,29,30,73,72,73,74,79,86,92,98,96,91,83,70,22,29,38,9,30,98,68,32,82,0,0,3,4,1,3
IGO1,YNL157W,120,127,138,152,174,193,211,227,241,242,228,190,21,22,24,25,26,25,27,30,37,37,31,14,22,120,242,122,14,37,23,187,27,7,5,1,2,2,1
GAP1,YKR039W,1262,1260,1256,1247,1233,1202,1187,1230,1268,1292,1318,1335,387,387,385,385,388,371,347,322,321,327,337,346,22,1187,1335,148,321,388,67,1258,358,4,2,2,9,6,2
SIT4,YDL047W,113,113,112,110,106,105,108,121,129,129,124,109,38,32,25,16,5,1,0,1,1,1,2,2,22,105,129,24,0,38,38,115,10,11,1,18,5,1,5
LYS21,YDL131W,474,474,474,474,474,475,477,481,481,476,463,438,388,393,399,407,417,418,417,412,400,398,408,436,21,438,481,43,388,436,48,472,408,1,1,1,11,9,1
YDR262W,YDR262W,82,85,89,95,108,108,109,117,124,127,125,113,10,10,10,10,9,12,13,15,16,17,16,15,21,82,127,44,9,17,7,107,13,8,6,1,3,2,1
PHO86,YJL117W,142,143,145,147,151,152,153,154,154,156,160,167,50,49,48,47,48,45,41,36,36,37,38,37,21,142,167,25,36,50,14,152,43,4,2,2,7,3,2
DPH5,YLR172C,158,160,163,165,169,173,176,176,178,176,170,157,1,1,1,1,1,2,2,2,3,4,5,4,21,157,178,21,1,5,4,168,2,75,6,13,9,1,7
CDC73,YLR418C,36,35,34,33,31,31,31,32,32,31,31,30,16,16,17,17,17,18,18,19,19,19,18,17,21,30,36,6,16,19,3,32,18,2,2,1,6,6,1
MYO5,YMR109W,24,23,22,22,21,22,23,27,26,24,20,15,51,52,53,55,58,61,67,72,72,70,66,58,21,15,27,12,15,72,57,22,61,0,0,2,2,1,2
CMK2,YOL016C,66,69,74,81,93,110,130,155,160,168,175,186,38,39,41,44,47,51,55,59,61,61,58,49,21,66,186,121,38,61,23,122,50,2,5,0,2,3,1
CUE5,YOR042W,66,65,65,65,68,68,67,63,56,52,52,56,60,61,62,63,65,56,44,29,24,23,24,26,21,52,68,16,23,65,42,62,45,1,0,4,4,2,3
FMP52,YER004W,128,131,136,141,154,154,151,140,138,147,168,205,101,103,104,104,101,98,98,100,104,100,91,77,21,128,205,77,77,104,28,149,98,2,3,1,3,4,1
YGR125W,YGR125W,51,51,50,50,49,49,48,49,49,49,51,54,7,7,8,9,12,17,19,19,15,13,12,15,21,48,54,6,7,19,12,50,13,4,0,8,10,2,6
RSR1,YGR152C,52,53,53,54,54,56,58,62,70,69,61,41,12,11,10,10,8,8,8,8,10,11,12,10,21,41,70,29,8,12,4,57,10,6,7,1,2,3,1
CHO2,YGR157W,68,69,71,74,79,78,76,71,68,66,64,62,72,74,76,78,84,86,83,78,70,69,74,87,21,62,79,17,62,87,24,71,78,1,1,1,5,4,1
TIM13,YGR181W,116,114,113,113,116,117,117,110,110,112,115,120,40,42,42,42,39,34,33,39,65,73,65,29,21,110,120,10,29,73,44,114,45,3,0,12,13,2,8
UBR1,YGR184C,10,10,11,11,12,13,14,14,13,13,13,12,9,9,9,9,10,10,11,11,10,10,11,12,21,10,14,4,9,12,3,12,10,1,1,1,4,4,1
CRH1,YGR189C,219,220,219,219,216,220,228,247,243,231,210,181,130,129,129,130,136,134,141,154,173,191,199,185,21,181,247,66,129,199,70,221,153,1,1,2,4,3,1
PCT1,YGR202C,47,42,35,27,15,11,12,27,36,37,31,11,6,5,5,5,5,6,6,6,5,5,7,11,21,11,47,37,5,11,7,28,6,5,5,1,1,2,1
SBP1,YHL034C,360,351,343,335,331,322,312,301,269,259,266,304,306,267,227,180,129,134,140,161,173,180,205,264,21,259,360,101,129,306,177,313,197,2,1,3,4,2,2
YKL033W-A,YKL033W-A,130,129,129,130,132,134,136,138,134,136,144,160,120,113,103,89,66,51,45,45,53,52,46,31,21,129,160,31,31,120,89,136,68,2,0,6,5,1,4
ASC1,YMR116C,2287,2290,2290,2291,2281,2298,2306,2264,2302,2312,2296,2226,3580,3564,3535,3477,3348,3334,3363,3431,3464,3625,3924,4436,21,2226,2312,86,2226,4436,2210,2287,3590,1,0,16,27,2,13
FAA1,YOR317W,117,113,110,107,103,99,97,102,89,84,86,100,657,670,690,723,780,828,851,850,797,801,821,869,21,84,117,32,100,869,768,101,778,0,0,3,4,1,3
OLA1,YBR025C,521,517,510,502,487,487,487,480,480,478,474,468,1602,1638,1672,1706,1719,1761,1779,1759,1641,1548,1574,1835,21,468,521,53,468,1835,1367,491,1686,0,0,8,10,1,7
GCS1,YDL226C,94,93,92,90,88,86,85,86,85,84,85,87,216,209,199,185,162,149,136,130,137,137,145,163,21,84,94,9,87,216,129,88,164,1,0,7,10,2,6
PMU1,YKL128C,92,91,91,90,87,88,89,93,95,95,95,94,19,18,17,15,12,12,12,11,9,8,10,16,21,87,95,8,8,19,10,92,13,7,1,9,12,2,7
GRX5,YPL059W,85,86,88,90,96,95,92,88,78,77,83,103,13,14,15,16,19,25,29,36,52,66,73,67,21,77,103,26,13,73,60,88,35,2,0,6,4,1,3
NOP6,YDL213C,175,178,180,181,179,178,179,183,195,187,162,106,33,31,29,24,18,12,8,6,9,10,10,6,21,106,195,89,6,33,27,174,16,11,3,3,2,1,2
KRE2,YDR483W,230,232,236,242,253,264,271,268,275,280,282,281,39,39,40,42,45,45,45,43,41,43,48,55,21,230,282,53,39,55,16,260,44,6,3,2,5,3,2
BZZ1,YHR114W,20,20,19,18,16,16,16,16,16,16,16,17,3,3,2,2,1,0,0,1,1,2,3,3,21,16,20,5,0,3,3,17,2,10,2,6,4,1,4
URA1,YKL216W,305,311,317,324,332,342,352,363,380,383,374,345,74,75,74,72,65,46,34,25,31,31,28,16,21,305,383,79,16,75,59,344,48,7,1,5,5,1,4
URA8,YJR103W,64,63,63,62,62,60,58,59,57,56,56,57,28,28,28,29,34,45,50,54,50,48,47,47,21,56,64,9,28,54,26,60,41,1,0,4,7,2,4
RPL19B,YBL027W,2671,2675,2674,2676,2659,2689,2713,2695,2702,2704,2702,2700,4002,4085,4172,4288,4465,4365,4288,4155,4040,4001,3966,3912,21,2659,2713,54,2700,4465,1765,2688,4145,1,0,21,50,3,20
YGR017W,YGR017W,118,117,116,114,110,108,106,104,104,107,114,128,16,16,16,15,12,10,7,5,3,3,3,5,21,104,128,25,3,16,13,112,9,12,2,7,5,1,4
YKL069W,YKL069W,36,36,35,35,34,33,32,34,34,35,36,37,16,16,16,17,18,21,21,22,21,21,22,22,21,32,37,5,16,22,6,35,19,2,1,2,7,4,2
SUR7,YML052W,155,152,148,142,134,122,114,119,119,115,109,99,42,42,43,44,44,45,47,50,51,50,46,40,21,99,155,56,40,51,12,127,45,3,5,1,3,4,1
PSY2,YNL201C,27,27,26,25,23,23,22,21,20,21,22,27,3,3,3,3,3,3,3,3,3,3,3,3,21,20,27,7,3,3,1,24,3,8,8,1,4,4,1
TIM21,YGR033C,73,74,77,80,86,88,87,78,72,67,62,55,10,10,11,11,12,13,13,13,11,11,14,19,21,55,88,33,10,19,9,75,12,6,4,2,3,2,1
YTA12,YMR089C,25,25,26,27,29,28,27,27,26,25,24,22,10,10,10,11,12,14,14,14,14,14,15,17,21,22,29,7,10,17,7,26,13,2,1,2,4,2,2
PDX1,YGR193C,53,52,51,50,51,49,47,45,43,41,39,35,178,177,173,167,158,131,115,105,117,113,100,66,21,35,53,18,35,178,143,46,133,0,0,3,3,1,2
RSC2,YLR357W,27,27,27,27,26,25,24,24,24,24,23,22,4,4,4,4,4,4,4,3,3,3,3,3,20,22,27,5,3,4,1,25,3,7,6,1,5,5,1
RSN1,YMR266W,79,79,78,78,77,76,75,74,73,75,78,84,18,18,18,17,17,17,17,17,16,16,15,16,20,73,84,11,15,18,2,77,17,5,5,1,8,8,1
STE4,YOR212W,95,93,90,86,81,77,75,77,78,78,77,75,1,1,1,1,1,1,2,2,2,2,2,1,20,75,95,20,1,2,1,82,1,56,14,4,5,2,3
DFM1,YDR411C,44,44,44,45,46,47,47,51,51,50,50,50,11,11,11,11,11,11,10,9,9,10,11,10,20,44,51,7,9,11,2,47,10,5,4,1,7,7,1
SNL1,YIL016W,101,101,100,98,95,90,86,82,80,80,82,88,43,43,44,44,42,40,38,35,34,33,34,35,20,80,101,21,33,44,10,90,39,2,2,1,5,4,1
MTC1,YJL123C,76,74,74,73,73,72,70,68,62,60,59,63,215,207,196,181,159,138,124,113,105,98,89,73,20,59,76,16,63,215,152,69,142,0,0,4,5,1,3
MTD1,YKR080W,501,495,488,480,468,463,460,459,442,427,414,406,347,338,325,305,271,251,239,233,226,209,195,189,20,406,501,95,189,347,158,459,261,2,1,3,5,2,2
PRE9,YGR135W,196,193,191,190,192,196,196,186,176,181,197,232,237,240,241,239,231,219,216,213,205,197,200,225,20,176,232,56,197,241,44,194,222,1,1,1,4,6,1
BMH1,YER177W,1159,1132,1103,1073,1035,1015,1012,1056,1006,965,924,896,1072,979,865,709,486,367,330,338,380,329,242,103,20,896,1159,263,103,1072,969,1031,517,2,0,7,4,1,4
PUB1,YNL016W,148,146,144,142,138,138,138,139,135,129,122,114,218,217,213,204,184,156,146,145,168,168,153,110,20,114,148,35,110,218,108,136,173,1,0,2,4,2,2
YDL144C,YDL144C,33,33,32,32,33,32,32,30,29,30,31,34,10,10,11,11,12,13,13,14,14,14,14,11,20,29,34,5,10,14,4,32,12,3,1,3,7,3,2
PAA1,YDR071C,220,217,214,211,208,202,194,183,171,167,172,190,334,301,259,199,106,70,79,121,198,226,219,154,20,167,220,53,70,334,264,196,189,1,0,5,4,1,3
BAR1,YIL015W,65,63,60,57,52,49,49,54,49,46,44,44,19,19,19,20,21,20,15,10,6,5,6,10,20,44,65,21,5,21,16,53,14,4,1,3,3,1,2
TEF4,YKL081W,902,894,882,868,839,838,841,850,846,817,760,663,1704,1723,1748,1788,1859,1867,1879,1871,1840,1859,1885,1915,20,663,902,239,663,1915,1251,834,1828,0,0,2,4,2,2
BNI4,YNL233W,11,11,12,12,12,13,13,13,13,13,12,11,9,8,8,7,7,8,9,9,9,9,8,6,20,11,13,2,6,9,3,12,8,2,0,3,8,3,3
GPD2,YOL059W,373,363,349,332,301,289,282,283,283,290,308,342,257,261,265,270,274,279,281,283,283,281,287,312,20,282,373,91,257,312,55,316,278,1,2,1,4,6,1
MCT1,YOR221C,34,33,30,27,22,17,13,15,15,12,9,3,8,8,8,8,8,9,9,9,9,8,8,8,20,3,34,31,3,9,6,19,8,2,5,0,1,1,1
APL4,YPR029C,25,24,25,25,26,27,29,32,33,31,26,18,8,8,8,9,9,10,11,12,14,14,12,8,20,18,33,15,8,14,6,27,10,3,2,1,2,2,1
EHT1,YBR177C,173,174,177,180,188,187,186,185,172,158,143,128,151,152,152,153,152,161,165,164,151,141,138,151,20,128,188,60,128,165,37,171,153,1,2,1,3,4,1
VTC3,YPL019C,100,99,98,97,96,98,101,102,102,98,91,77,61,62,62,63,63,65,66,66,65,63,63,64,20,77,102,25,61,66,4,97,64,2,6,0,4,15,0
DUN1,YDL101C,9,10,10,10,11,12,12,12,12,11,11,10,2,2,2,2,2,2,2,2,1,1,2,3,20,9,12,3,1,3,2,11,2,6,2,3,4,2,2
MGR1,YCL044C,16,16,17,17,18,20,21,22,23,24,24,24,7,7,7,8,9,9,8,8,8,8,8,7,20,16,24,8,7,9,2,20,8,3,4,1,3,4,1
LYS1,YIR034C,384,384,385,386,389,390,391,394,391,391,390,390,1140,1152,1170,1193,1224,1275,1306,1318,1273,1279,1327,1450,20,384,394,10,390,1450,1060,389,1259,0,0,33,40,1,29
ELO1,YJL196C,85,81,76,71,67,63,60,57,57,67,89,129,8,8,9,9,10,10,10,10,10,11,11,10,20,57,129,72,8,11,3,75,10,8,27,0,2,4,0
ARG4,YHR018C,1019,1015,1008,999,987,968,951,949,945,944,950,963,2449,2464,2483,2511,2553,2571,2625,2660,2613,2601,2636,2761,19,944,1019,75,963,2761,1799,975,2577,0,0,9,14,2,9
CTP1,YBR291C,211,211,211,211,208,206,204,206,208,209,210,212,46,47,48,49,51,58,64,68,63,59,54,51,19,204,212,8,46,68,22,209,55,4,0,10,27,3,8
CBR1,YIL043C,213,215,217,220,224,224,223,223,228,232,235,237,127,130,134,140,148,159,158,153,141,134,133,142,19,213,237,23,127,159,32,224,142,2,1,2,10,5,2
VAC8,YEL013W,43,42,40,39,38,37,37,39,35,32,29,27,96,102,109,117,127,136,144,148,141,136,131,131,19,27,43,16,27,148,121,37,127,0,0,2,3,1,2
RGD2,YFL047W,17,17,17,17,16,16,16,17,18,18,18,16,4,4,4,5,5,6,6,6,5,6,6,5,19,16,18,2,4,6,2,17,5,3,1,3,8,3,3
RHO5,YNL180C,104,103,101,97,95,78,60,43,42,44,54,70,51,51,51,51,51,51,53,55,57,57,55,48,19,42,104,62,48,57,9,74,52,1,7,0,2,6,0
ARO7,YPR060C,74,74,73,72,69,68,69,75,84,84,76,56,81,81,83,85,90,94,93,89,81,76,78,92,19,56,84,28,56,94,39,73,85,1,1,1,3,2,1
BEM4,YPL161C,13,13,12,12,12,12,12,12,10,9,9,8,3,3,3,3,3,3,3,3,3,4,4,5,19,8,13,4,3,5,2,11,3,3,2,2,3,2,1
HOC1,YJR075W,103,103,104,104,106,108,110,109,109,110,111,113,45,45,46,48,51,60,63,63,55,50,49,53,19,103,113,10,45,63,18,108,52,2,1,4,11,3,3
AKR1,YDR264C,62,63,63,64,66,66,66,66,63,61,59,57,37,38,37,36,33,31,29,28,28,26,24,25,19,57,66,9,24,38,13,63,31,2,1,3,7,3,3
APL3,YBL037W,8,7,7,6,5,5,5,6,6,5,5,4,4,5,5,6,7,8,7,7,6,5,5,4,19,4,8,4,4,8,4,6,6,1,1,1,2,2,1
MKC7,YDR144C,24,24,24,24,24,24,24,26,26,26,26,26,10,10,10,10,10,10,11,11,10,10,11,11,19,24,26,3,10,11,1,25,11,2,3,1,10,13,1
HIS5,YIL116W,384,382,379,377,374,370,366,365,364,365,367,372,629,632,638,646,660,680,684,690,709,708,693,658,19,364,384,19,372,709,337,372,669,1,0,10,20,2,9
YLR225C,YLR225C,52,50,46,42,37,32,29,33,41,40,32,10,20,21,21,22,24,24,23,23,22,23,25,27,19,10,52,42,10,27,17,37,23,2,2,1,1,2,1
UME1,YPL139C,30,29,29,28,27,26,26,28,27,26,23,18,22,22,22,23,23,24,24,24,25,24,21,15,19,18,30,12,15,25,10,26,22,1,1,1,3,2,1
UBP6,YFR010W,43,39,34,31,28,28,30,34,31,29,27,26,190,188,186,183,178,179,180,180,174,168,169,181,19,26,43,17,26,190,164,32,180,0,0,2,3,1,2
ATP11,YNL315C,62,62,61,61,60,59,58,54,54,54,55,57,18,18,18,17,16,13,13,13,16,15,12,7,19,54,62,8,7,18,12,58,15,4,1,6,7,2,5
KAP114,YGL241W,12,12,11,11,11,10,10,11,10,10,10,11,2,2,2,2,2,2,2,2,2,2,2,2,19,10,12,2,2,2,1,11,2,5,2,2,7,3,2
YJR142W,YJR142W,36,36,35,34,34,32,31,33,32,31,29,27,4,4,4,4,5,5,5,5,5,5,5,5,19,27,36,10,4,5,1,33,5,7,7,1,4,4,1
APL2,YKL135C,34,33,32,31,30,30,29,29,28,27,27,28,32,32,32,33,34,36,37,38,37,36,35,33,19,27,34,6,28,38,10,30,35,1,1,1,5,4,1
YNL010W,YNL010W,260,263,266,269,273,270,265,260,264,265,268,269,286,272,255,233,211,166,146,148,211,216,176,56,19,260,273,13,56,286,230,266,198,1,0,25,22,1,18
COQ9,YLR201C,37,35,33,30,26,22,19,14,11,13,20,34,1,0,0,0,0,1,1,2,2,2,2,1,19,11,37,27,0,2,2,24,1,21,13,2,1,1,1
HSP30,YCR021C,549,568,593,620,663,680,688,685,687,680,657,606,8,11,14,20,28,37,38,36,30,30,35,50,19,549,688,139,8,50,42,640,28,23,3,7,5,1,4
GLY1,YEL046C,208,209,209,210,208,217,227,231,241,246,245,235,153,153,153,154,155,154,150,144,139,138,145,163,19,208,246,38,138,163,25,224,150,1,2,1,6,7,1
HUL5,YGL141W,12,12,13,13,14,15,16,17,16,15,14,13,0,0,0,0,0,0,1,1,1,1,1,1,19,12,17,5,0,1,1,14,1,23,5,5,4,1,3
MSC7,YHR039C,60,60,61,62,63,64,65,66,70,71,69,62,27,27,28,29,30,34,34,33,31,31,35,44,19,60,71,11,27,44,16,64,32,2,1,3,6,3,2
ADO1,YJR105W,517,523,528,534,540,546,545,529,527,526,524,523,1489,1384,1270,1138,1023,882,680,473,357,293,262,258,19,517,546,28,258,1489,1231,530,792,1,0,29,19,1,16
ARC18,YLR370C,164,163,162,162,165,162,159,161,158,158,160,164,150,145,138,127,111,95,77,67,86,94,92,67,19,158,165,7,67,150,83,161,104,2,0,19,24,2,13
VPS28,YPL065W,23,24,24,24,25,24,22,20,18,17,17,17,2,2,2,2,1,1,1,1,2,2,2,1,18,17,25,9,1,2,1,21,1,14,7,2,3,2,2
EMP70,YLR083C,90,90,90,89,88,87,85,82,88,88,85,72,18,16,14,11,6,4,3,4,6,6,8,12,18,72,90,18,3,18,14,86,9,10,1,8,5,1,4
ALG12,YNR030W,28,27,27,26,25,25,25,26,26,26,27,28,11,11,11,12,12,12,12,11,10,10,11,12,18,25,28,3,10,12,2,26,11,2,1,2,10,6,2
PAT1,YCR077C,66,65,64,63,63,62,61,62,62,62,60,56,52,52,52,52,51,50,48,45,39,34,29,26,18,56,66,10,26,52,27,62,44,1,0,4,7,2,4
ADK1,YDR226W,1081,1081,1080,1078,1074,1069,1063,1053,1053,1060,1074,1099,1583,1504,1408,1284,1126,978,860,796,861,919,962,948,18,1053,1099,46,796,1583,787,1072,1103,1,0,17,24,2,12
YGR012W,YGR012W,26,26,26,25,24,23,22,21,20,20,20,22,30,30,30,31,33,36,42,46,44,42,38,35,18,20,26,6,22,46,24,23,36,1,0,2,4,2,2
LAA1,YJL207C,9,9,9,8,8,8,8,8,8,8,7,7,2,2,2,2,2,2,2,2,2,2,3,3,18,7,9,2,2,3,2,8,2,4,1,3,5,2,2
NAM7,YMR080C,40,39,38,38,36,37,37,39,40,40,39,39,10,10,10,11,12,13,14,14,13,13,14,15,18,36,40,3,10,15,5,39,12,3,1,5,12,3,4
SCS7,YMR272C,117,119,121,123,123,124,129,149,155,150,135,104,44,43,43,44,47,52,57,62,64,63,59,51,18,104,155,51,43,64,21,129,52,2,2,1,3,3,1
MDL2,YPL270W,27,27,27,26,27,25,24,25,22,20,17,15,2,2,2,2,2,3,3,3,3,3,3,3,18,15,27,11,2,3,2,23,3,9,8,1,2,2,1
GON7,YJL184W,70,72,74,77,81,84,85,85,85,87,90,95,8,7,7,5,3,2,3,5,11,14,16,14,18,70,95,25,2,16,14,82,8,10,2,6,4,1,3
NPT1,YOR209C,176,178,181,184,187,194,200,199,208,211,209,198,226,231,235,239,239,231,223,214,214,219,229,244,18,176,211,36,198,244,46,194,229,1,1,1,6,5,1
CKA1,YIL035C,83,81,79,76,72,69,66,67,67,66,66,66,20,20,21,21,20,21,24,27,28,29,27,22,18,66,83,17,20,29,9,71,23,3,2,2,5,3,1
DUS3,YLR401C,52,52,51,49,46,45,43,40,41,42,43,44,28,28,29,29,30,30,29,27,25,25,26,29,18,40,52,12,25,30,5,46,28,2,2,1,4,6,1
TIF3,YPR163C,441,440,436,433,423,424,424,412,423,414,387,327,738,723,700,661,592,540,510,498,501,471,444,428,18,327,441,115,327,738,412,415,567,1,0,3,4,2,2
PIN4,YBL051C,48,47,47,47,46,45,44,44,44,44,46,49,16,16,15,14,12,10,10,12,14,15,14,12,18,44,49,6,10,16,6,46,13,3,1,4,9,3,3
ECM33,YBR078W,739,735,729,723,705,710,719,731,733,727,712,688,531,491,438,362,249,166,128,122,173,172,151,93,18,688,739,50,93,531,439,721,256,3,0,24,15,1,12
PBS2,YJL128C,25,24,22,21,19,20,20,22,21,20,20,21,10,9,9,8,7,5,5,5,7,7,7,6,18,19,25,6,5,10,5,21,7,3,1,3,4,2,2
EFT1,YOR133W,174,173,172,171,169,170,171,172,172,172,172,171,13536,13689,13957,14431,15350,15767,16119,16271,16063,16474,16843,17013,18,169,174,5,171,17013,16842,172,15459,0,0,35,33,1,32
RPT3,YDR394W,108,106,104,103,103,104,104,104,100,97,95,93,120,119,117,114,108,106,106,104,99,96,101,119,18,93,108,15,93,120,27,102,109,1,1,2,7,4,2
BRE1,YDL074C,43,43,42,41,39,38,37,37,38,38,39,40,3,3,3,3,2,2,2,2,2,1,1,1,18,37,43,6,1,3,3,40,2,19,2,8,7,1,5
IML2,YJL082W,40,41,41,42,44,43,43,47,47,44,39,29,25,26,28,31,35,38,38,37,36,37,38,39,18,29,47,18,25,39,14,42,34,1,1,1,3,3,1
RAD27,YKL113C,34,34,34,34,34,35,35,35,35,36,36,37,14,15,16,17,18,18,16,15,13,12,11,12,17,34,37,3,11,18,7,35,15,2,0,6,14,3,5
TWF1,YGR080W,35,33,30,28,26,24,23,23,18,14,12,13,77,77,76,74,72,67,63,60,65,62,56,48,17,12,35,22,13,77,64,23,66,0,0,1,2,1,1
MET7,YOR241W,45,44,44,43,41,41,40,38,38,39,41,46,1,1,1,1,1,1,1,1,2,3,3,4,17,38,46,8,1,4,3,42,2,23,3,8,6,1,4
SVF1,YDR346C,149,152,153,153,152,147,138,122,127,124,117,98,44,43,43,43,43,43,44,44,45,46,46,45,17,98,153,55,43,46,4,136,44,3,15,0,3,13,0
DPH2,YKL191W,81,81,81,80,79,79,79,83,82,79,72,62,2,2,2,2,2,2,2,2,2,2,2,2,17,62,83,21,2,2,1,78,2,40,40,1,4,4,1
FUN12,YAL035W,126,125,123,121,115,116,116,113,114,112,105,91,455,459,466,478,499,508,523,532,515,517,524,538,17,91,126,35,91,538,447,115,501,0,0,3,4,1,3
CYS3,YAL012W,289,273,251,228,189,177,184,233,257,263,254,222,3139,3103,3047,2954,2789,2711,2581,2489,2516,2426,2317,2190,17,177,289,112,222,3139,2917,235,2688,0,0,2,3,1,2
YME1,YPR024W,37,38,39,41,44,47,49,56,55,52,44,32,17,15,14,11,8,8,8,8,8,9,10,11,17,32,56,24,8,17,9,45,10,4,3,2,2,2,1
SRB2,YHR041C,60,60,60,60,58,57,56,60,61,61,63,64,12,12,12,12,12,12,12,13,12,12,13,13,17,56,64,8,12,13,1,60,12,5,6,1,8,10,1
PDX3,YBR035C,158,156,155,155,160,156,151,146,132,122,113,109,230,232,232,231,222,220,235,252,252,241,237,253,17,109,160,51,109,253,144,143,236,1,0,2,3,2,2
UTR4,YEL038W,68,68,68,69,70,71,72,74,74,82,98,126,69,69,67,64,58,47,39,32,29,25,21,18,17,68,126,58,18,69,51,78,45,2,1,2,2,1,2
SEY1,YOR165W,37,37,37,37,38,37,37,37,37,37,35,32,83,86,89,94,101,106,107,107,104,101,101,105,17,32,38,6,32,107,75,37,99,0,0,5,6,1,4
TOM70,YNL121C,86,85,83,82,80,80,79,75,71,68,65,64,427,424,423,422,419,440,456,470,469,453,439,437,17,64,86,22,64,470,406,77,440,0,0,3,4,1,3
TOM1,YDR457W,9,9,9,8,8,8,8,8,8,8,8,8,26,25,24,22,21,23,25,28,28,29,30,32,16,8,9,1,8,32,25,8,26,0,0,6,7,1,5
SSH1,YBR283C,199,195,191,186,179,178,177,178,175,175,179,189,282,288,299,317,348,383,382,371,355,373,419,507,16,175,199,24,189,507,318,183,360,1,0,7,8,2,5
PEP3,YLR148W,14,14,13,13,13,13,13,13,13,12,11,11,0,0,0,0,1,1,1,1,1,1,1,1,16,11,14,3,0,1,0,13,1,23,12,2,4,2,2
STE20,YHL007C,46,45,43,41,38,37,37,37,37,38,38,40,4,4,5,5,6,8,9,9,9,9,9,10,16,37,46,9,4,10,6,40,7,6,2,3,5,2,3
SAC1,YKL212W,103,103,103,103,103,104,105,105,105,105,104,103,236,240,246,254,270,279,279,274,265,266,262,251,16,103,105,3,103,279,176,104,260,0,0,25,37,2,24
AAP1,YHR047C,14,14,14,13,13,13,13,13,12,13,14,17,22,22,23,23,25,25,25,24,23,23,24,25,16,12,17,5,17,25,8,13,24,1,1,1,3,3,1
YOP1,YPR028W,500,482,466,448,437,415,398,398,372,359,356,366,88,89,89,91,96,94,94,96,99,100,95,77,16,356,500,144,77,100,23,416,92,5,6,1,3,4,1
PDA1,YER178W,244,240,237,234,237,234,231,233,209,198,195,211,588,577,564,550,533,526,523,515,474,433,428,493,15,195,244,49,211,588,378,225,517,0,0,3,5,2,3
HEK2,YBL032W,84,84,84,84,84,83,82,82,82,83,85,89,126,127,127,127,125,129,149,171,174,160,134,96,15,82,89,7,89,174,85,84,137,1,0,8,14,2,7
BEM2,YER155C,16,16,16,15,15,15,14,15,15,14,13,12,26,27,27,27,28,29,30,30,31,32,33,33,15,12,16,4,12,33,21,15,29,1,0,2,4,2,2
IDH2,YOR136W,225,217,208,200,189,183,183,195,189,184,178,174,919,934,949,965,976,979,971,952,933,908,888,881,15,174,225,51,174,979,806,194,938,0,0,3,4,1,4
ATP2,YJR121W,422,420,421,422,438,423,403,385,327,294,279,300,3430,3418,3373,3285,3102,2884,2739,2617,2555,2362,2168,1995,15,279,438,159,300,3430,3130,378,2827,0,0,3,3,1,3
IDP1,YDL066W,146,147,149,150,151,151,150,148,150,153,158,164,953,955,958,963,970,982,989,984,942,926,940,1007,15,146,164,18,164,1007,842,151,964,0,0,7,9,1,8
KAR2,YJL034W,134,128,120,112,97,100,108,123,117,110,101,95,1641,1600,1539,1443,1281,1157,1076,1019,1006,966,981,1091,15,95,134,39,95,1641,1546,112,1233,0,0,4,3,1,3
TIF1,YKR059W,333,335,336,337,338,340,343,344,350,347,335,309,4332,4386,4453,4555,4726,4734,4779,4788,4757,4761,4768,4776,15,309,350,40,309,4788,4478,337,4651,0,0,8,9,1,8
NUP133,YKR082W,20,19,19,18,17,17,17,17,17,16,16,14,21,21,21,21,21,21,22,23,23,23,23,20,14,14,20,5,14,23,9,17,22,1,1,1,4,3,1
NUP84,YDL116W,26,26,25,25,24,23,23,22,21,21,21,23,30,30,30,30,30,30,31,31,32,33,33,32,14,21,26,5,23,33,10,23,31,1,0,2,5,3,2
GLO3,YER122C,110,109,108,106,103,100,98,97,97,96,94,90,54,56,57,59,61,60,59,57,57,59,61,63,14,90,110,20,54,63,10,101,59,2,2,1,6,7,1
PEP5,YMR231W,9,9,8,8,8,8,8,8,8,7,6,5,4,4,4,4,4,5,5,5,5,5,6,6,14,5,9,4,4,6,2,8,5,2,2,1,2,3,1
TOR1,YJR066W,5,5,5,4,4,4,3,3,3,4,4,5,7,7,7,7,8,9,9,9,9,9,9,9,14,3,5,2,5,9,4,4,8,1,0,1,3,2,1
GRX1,YCL035C,262,263,270,280,310,316,314,296,257,269,325,454,37,38,42,49,61,90,123,161,197,246,297,348,14,257,454,198,37,348,312,301,141,2,1,3,2,1,2
PSD1,YNL169C,67,69,71,73,79,78,74,69,65,60,54,46,19,19,19,19,20,21,20,19,17,15,14,15,14,46,79,33,14,21,6,67,18,4,5,1,2,3,1
PRO2,YOR323C,169,168,167,166,165,164,165,167,166,165,162,160,802,799,787,763,713,657,608,570,572,568,578,608,14,160,169,9,160,802,643,165,669,0,0,17,19,1,15
WHI2,YOR043W,84,83,81,78,74,71,70,74,78,77,73,62,29,30,33,37,43,59,63,62,50,47,51,67,14,62,84,22,29,67,38,75,47,2,1,3,4,2,2
VID22,YLR373C,23,23,23,22,22,22,22,23,24,24,23,21,8,8,9,9,10,11,10,9,9,9,10,11,14,21,24,3,8,11,3,22,9,2,1,3,8,4,2
TSA1,YML028W,1466,1468,1482,1512,1566,1653,1732,1777,1718,1719,1745,1842,4307,4109,3879,3556,3082,3035,3041,3209,3465,3541,3602,3650,13,1466,1842,376,1842,4307,2465,1640,3540,0,0,3,5,2,3
NUP120,YKL057C,23,23,23,22,21,20,20,19,19,19,20,22,4,4,4,4,4,4,4,4,4,4,4,5,13,19,23,4,4,5,1,21,4,5,4,1,5,4,1
ISC1,YER019W,34,34,35,35,36,35,37,44,49,49,43,27,6,6,6,6,6,7,7,7,7,7,7,6,13,27,49,22,6,7,2,38,7,6,14,0,2,5,0
POS5,YPL188W,46,47,48,49,52,52,51,48,47,46,44,42,32,32,32,31,28,25,23,21,19,16,15,18,13,42,52,10,15,32,17,48,24,2,1,4,5,2,3
AFG3,YER017C,29,29,31,33,37,39,41,46,49,46,38,20,9,9,9,10,10,10,10,10,9,10,11,11,13,20,49,29,9,11,2,37,10,4,12,0,2,4,0
PHO85,YPL031C,69,67,67,65,66,63,60,61,58,57,58,63,7,8,10,13,17,21,23,24,20,17,15,14,13,57,69,11,7,24,16,63,16,4,1,6,6,1,4
RIB4,YOL143C,173,175,180,186,199,202,199,183,172,179,203,254,42,42,44,46,51,61,70,76,70,62,57,63,12,172,254,82,42,76,33,192,57,3,2,1,3,2,1
ARO2,YGL148W,457,457,457,457,455,458,460,457,466,459,437,388,757,764,765,760,739,712,678,644,642,633,607,553,12,388,466,78,388,765,377,451,688,1,0,3,6,2,3
SAC6,YDR129C,133,132,132,134,139,140,143,155,145,141,140,149,995,1002,1013,1030,1061,1074,1055,1023,991,964,942,929,12,132,155,23,149,1074,925,140,1006,0,0,6,7,1,6
HOM3,YER052C,274,269,261,252,238,233,231,233,235,237,243,252,407,407,408,412,425,432,435,440,460,470,464,427,12,231,274,44,252,470,218,247,432,1,0,3,6,2,3
HOM2,YDR158W,948,944,939,933,926,920,917,919,921,923,926,928,2163,2218,2282,2367,2478,2539,2595,2618,2595,2514,2398,2249,12,917,948,31,928,2618,1690,929,2418,0,0,21,31,2,20
SRV2,YNL138W,67,62,58,53,47,44,43,48,44,42,41,40,361,358,354,345,331,319,308,296,284,273,259,241,11,40,67,27,40,361,321,49,311,0,0,2,2,1,2
POP2,YNR052C,50,49,49,49,49,48,48,47,48,49,49,48,24,25,25,26,28,29,30,31,29,27,24,20,11,47,50,2,20,31,10,49,26,2,0,9,22,3,8
SLA1,YBL007C,38,36,34,33,31,31,34,41,42,39,32,21,189,192,196,202,210,210,207,200,188,184,187,202,11,21,42,20,21,210,189,34,197,0,0,2,2,1,2
PDB1,YBR221C,272,270,268,267,269,266,263,261,248,243,244,255,358,360,363,367,368,381,382,374,347,327,331,381,11,243,272,29,255,382,127,261,362,1,0,3,10,3,3
TPD3,YAL016W,64,63,62,61,61,59,59,62,60,57,52,45,97,97,97,98,101,101,103,105,105,102,96,85,11,45,64,19,45,105,60,59,99,1,0,2,3,2,2
POR1,YNL055C,657,638,619,595,581,530,479,451,384,340,316,323,7381,7462,7439,7309,6949,6039,5257,4548,4461,4127,3851,3618,10,316,657,341,323,7462,7139,493,5703,0,0,2,2,1,2
MNN10,YDR245W,104,103,102,100,96,94,93,91,93,96,100,104,14,14,14,15,16,16,16,16,15,15,15,14,10,91,104,14,14,16,2,98,15,7,6,1,8,7,1
NUP170,YBL079W,18,18,17,17,17,17,17,16,15,15,16,19,28,27,26,25,25,32,39,46,47,48,48,47,10,15,19,4,19,48,29,17,36,0,0,3,5,2,3
VMA8,YEL051W,294,294,295,295,295,297,298,297,292,292,295,305,154,155,156,159,164,172,172,167,155,149,157,187,10,292,305,13,149,187,37,296,162,2,0,5,23,5,5
LEA1,YPL213W,36,37,38,39,40,38,36,31,32,34,40,49,7,7,6,4,3,3,4,6,7,7,7,5,10,31,49,18,3,7,5,38,5,7,4,2,3,2,2
PHB2,YGR231C,93,94,96,98,106,103,96,85,77,74,75,80,127,130,134,138,144,146,147,147,148,150,149,141,9,74,106,32,80,150,70,90,142,1,0,1,3,2,2
ASF1,YJL115W,37,37,38,38,40,41,41,39,35,35,36,42,60,62,64,67,72,73,71,69,70,69,67,63,9,35,42,8,42,73,31,38,67,1,0,2,6,2,2
ADH1,YOL086C,10294,10140,9948,9727,9374,9174,9106,9416,9298,9098,8813,8432,19094,19477,20022,20844,22052,23436,24369,24949,24604,24268,24359,25483,8,8432,10294,1861,8432,25483,17051,9402,22746,0,0,4,6,1,4
ATP12,YJL180C,19,18,17,17,17,17,17,18,15,13,10,7,10,10,11,12,13,14,14,14,13,12,13,15,8,7,19,11,7,15,8,15,12,1,1,1,2,2,1
ATP1,YBL099W,209,208,208,208,215,210,205,206,184,171,161,163,1705,1729,1773,1853,2011,2098,2128,2115,2045,2023,1978,1893,7,161,215,54,163,2128,1964,196,1946,0,0,4,4,1,4
SLA2,YNL243W,39,38,37,36,35,35,37,43,43,39,32,20,104,92,81,69,60,74,83,91,79,74,70,67,7,20,43,23,20,104,84,36,79,0,0,2,2,1,1
KRE6,YPR159W,78,79,79,80,81,84,88,99,104,100,87,60,45,43,41,38,35,35,35,33,29,26,23,22,7,60,104,44,22,45,23,85,34,3,2,1,2,2,1
HOM6,YJR139C,315,311,305,298,288,279,273,272,280,289,301,315,2612,2656,2702,2760,2828,2827,2827,2804,2762,2738,2715,2698,7,272,315,43,315,2828,2513,294,2744,0,0,6,7,1,6
CHC1,YGL206C,17,16,15,14,12,11,11,13,11,9,7,4,1056,1069,1091,1126,1183,1258,1308,1333,1276,1259,1241,1232,6,4,17,13,4,1333,1329,12,1203,0,0,1,1,1,1
VMA5,YKL080W,227,224,219,213,201,196,192,191,187,187,192,203,577,592,608,628,654,659,649,630,612,595,577,557,6,187,227,40,203,659,456,203,611,0,0,4,6,1,4
RNR4,YGR180C,320,329,342,359,387,411,427,418,421,454,516,625,769,797,834,886,961,1046,1073,1120,1257,1356,1413,1397,6,320,625,305,625,1413,788,417,1076,0,0,1,2,2,1
VMA2,YBR127C,438,433,426,419,406,403,402,407,404,406,414,433,4456,4377,4263,4087,3783,3614,3437,3269,3075,2863,2715,2692,5,402,438,35,433,4456,4023,416,3553,0,0,13,12,1,11
VMA10,YHR039C-A,832,829,824,817,805,794,782,764,743,733,735,755,155,143,131,115,97,97,100,124,188,257,313,334,5,733,832,99,97,334,237,784,171,5,0,11,8,1,6
VMA13,YPR036W,230,226,220,214,203,201,202,210,207,205,203,206,350,364,385,416,470,504,515,515,518,535,558,585,4,201,230,29,206,585,379,211,476,0,0,6,8,2,5
VMA6,YLR447C,280,278,275,271,265,262,259,257,255,259,267,284,459,458,454,445,419,414,412,413,411,401,389,379,4,255,284,29,284,459,175,268,421,1,0,4,10,3,4
THR1,YHR025W,271,271,271,271,270,272,276,283,280,274,264,251,334,332,327,317,295,284,275,267,257,251,250,261,3,251,283,32,250,334,84,271,288,1,0,2,9,4,2
THR4,YCR053W,380,377,373,368,359,357,356,350,350,348,346,344,1500,1514,1518,1510,1467,1414,1381,1347,1315,1227,1153,1124,3,344,380,36,344,1518,1174,359,1373,0,0,9,11,1,8
