"ORF","Feature","AvgLife","Slope"
"YBR127C","VMA2",5.375,-0.067127810719527
"YOR163W","DDP1",27.1142857142857,-0.00985358446129577
"YPL091W","GLR1",22.8444444444444,-0.0229145877199508
"YBR106W","PHO88",29.8222222222222,-0.00649582555890512
"YBL098W","BNA4",32.6,-0.00954289903358224
"YOL016C","CMK2",21.4,-0.00488983359514463
"YPR118W","MRI1",23.2,-0.00508350833851415
"YKL073W","LHS1",32.6,-0.0171909595081906
"YLR335W","NUP2",28.2,-0.0379176989360829
"YGL202W","ARO8",26.1363636363636,-0.0148343897956136
"YDL053C","PBP4",22.6,-0.0120950249530799
"YDL074C","BRE1",17.6,-0.000902048361890139
"YJL217W","REE1",26.4,-0.00901271783221588
"YEL038W","UTR4",16.6,-0.0150249511744889
"YML017W","PSP2",31.3714285714286,-0.0323293015030619
"YOL064C","MET22",33.4,-0.00806362230452578
"YMR318C","ADH6",27.2444444444444,-0.0115771194812667
"YEL063C","CAN1",27.0813953488372,-0.000501786130649683
"YLR142W","PUT1",23.4,-0.00106321679809606
"YKL094W","YJU3",23.8,-0.00327575123969432
"YIR032C","DAL3",29,-0.0113070385723833
"YDR354W","TRP4",32.4,-0.00516070723066637
"YMR095C","SNO1",29.4,-0.000962818426343942
"YBR263W","SHM1",28.5333333333333,-0.0119355292888468
"YOL109W","ZEO1",24.8117647058824,-0.00159126083161447
"YJL165C","HAL5",27.4,-0.00576483709097748
"YKR095W","MLP1",34,-0.00778372595164979
"YPR173C","VPS4",26.7529411764706,-0.00402196840139963
"YLR351C","NIT3",27.75,-0.00449544979602031
"YKR084C","HBS1",35.4615384615385,-0.0086239440010721
"YPR069C","SPE3",24,-0.015904739640971
"YJR105W","ADO1",18.6,-0.0396914864866727
"YNL044W","YIP3",29.36,-0.00311633003631862
"YLR181C","VTA1",29.4,-0.00558332426775317
"YCR077C","PAT1",18.2,-0.00626046115275773
"YJL123C","MTC1",20.2,-0.0246696655106726
"YKR046C","PET10",27.7411764705882,-0.0234682715626795
"YCR053W","THR4",3.12,-0.0129271531782328
"YHR076W","PTC7",24,-0.00548638277736985
"YML022W","APT1",29.6,-0.00260459464963953
"YJL117W","PHO86",21.4,-0.00216708091497547
"YOR303W","CPA1",23.2,-0.00319790070864734
"YGR017W","YGR017W",20.6,-0.0019739337146218
"YML036W","CGI121",30.4,-0.00624771987903816
"YKR080W","MTD1",20.2,-0.00368576977972336
"YNL027W","CRZ1",26.2,-0.00129410586602689
"YGR032W","GSC2",27.6,-0.0311757590964867
"YOR184W","SER1",23.2,-0.00955074943170374
"YOL027C","MDM38",24.2386363636364,-0.00319879000013911
"YBR249C","ARO4",26.5333333333333,-0.00885619256588637
"YGL105W","ARC1",24.6,-0.0383951205572628
"YDL065C","PEX19",28.6976744186047,-0.01746986577441
"YKL216W","URA1",20.7882352941176,-0.00336075571302909
"YGR135W","PRE9",20.1022727272727,-0.00402928483102896
"YFL018C","LPD1",28.6627906976744,-0.0123866815167648
"YDR129C","SAC6",11.92,-0.021872815689397
"YLR380W","CSR1",22.2666666666667,-0.019128413492213
"YOR375C","GDH1",26.1333333333333,-0.0398922388454023
"YER031C","YPT31",23.4888888888889,-0.00167558599959211
"YER001W","MNN1",30.5384615384615,-0.000665119576124087
"YCL044C","MGR1",19.6,-0.00268842842216013
"YOR042W","CUE5",21.4,-0.0100964661307861
"YGL148W","ARO2",12,-0.00534113939032139
"YHR132C","ECM14",22.2,-0.00181406366072232
"YPL188W","POS5",12.9777777777778,-0.00551760687457273
"YER177W","BMH1",20.1,-0.0108894141483127
"YER151C","UBP3",27.6615384615385,-0.00541547217744185
"YBL036C","YBL036C",32.75,-0.00883154430892505
"YKR039W","GAP1",21.5384615384615,-0.00109869089523178
"YBR039W","ATP3",35,-0.0189686601555471
"YKL029C","MAE1",22.3111111111111,-0.0020421134436189
"YBR015C","MNN2",26.7764705882353,-0.00236761295826399
"YNR051C","BRE5",27.0697674418605,-0.000449045211885358
"YPL232W","SSO1",27.8888888888889,-0.000677890217951566
"YLR354C","TAL1",24.8505747126437,-0.0154119564399673
"YPR040W","TIP41",32.2444444444444,-0.00418117978543459
"YLR447C","VMA6",3.75806451612903,-0.0038368975425372
"YJL055W","YJL055W",23.2,-0.00781485477248768
"YDR264C","AKR1",19.0549450549451,-0.00308963471010523
"YLL015W","BPT1",30.9883720930233,-0.00680337611110764
"YPR159W","KRE6",7.12676056338028,-0.00454886702067284
"YNL288W","CAF40",32.125,-0.000995662275547168
"YER087W","AIM10",25.8,-0.0136494563849887
"YJL101C","GSH1",30.8307692307692,-0.0154024386500179
"YBL090W","MRP21",32.4883720930233,-0.00122515432103777
"YMR099C","YMR099C",23.2,-0.0111215275701386
"YGR193C","PDX1",20.5185185185185,-0.0200673502437239
"YLR309C","IMH1",25.7666666666667,-0.0103386263712814
"YCL033C","MXR2",25.6,-0.00750789871458691
"YML008C","ERG6",28.5285714285714,-0.0325676322949984
"YFR006W","YFR006W",28.4,-0.0169038933918045
"YMR266W","RSN1",20.4,-0.000520846151641371
"YGR111W","YGR111W",22.2,-0.00164182442063106
"YGR155W","CYS4",24.6666666666667,-0.0763142699636221
"YPL111W","CAR1",30.5777777777778,-0.00500589466495605
"YML007W","YAP1",22.8068181818182,-0.00449833718638828
"YNL098C","RAS2",24.8735632183908,-0.0121539324824007
"YDR035W","ARO3",25.2,-0.00118425544333644
"YER134C","YER134C",25.2,-0.00442697935101393
"YDR408C","ADE8",23.8,-0.00111807786147193
"YHR049W","FSH1",23.8,-0.0112752189868605
"YDR234W","LYS4",29.5813953488372,-0.0261172883951494
"YLR244C","MAP1",27,-0.0157996936720813
"YJR009C","TDH2",26.6941176470588,-0.000340744544861654
"YBR078W","ECM33",17.8,-0.00818426990705355
"YML115C","VAN1",27.92,-0.00192162986880119
"YGL196W","DSD1",24,-0.000698301255421487
"YOR323C","PRO2",13.6774193548387,-0.0213855637774201
"YDR411C","DFM1",20.2,-0.000906993724261267
"YKL113C","RAD27",17.48,-0.00283147762333424
"YLR114C","AVL9",35.2,-0.000390284572827093
"YLR370C","ARC18",18.5,-0.00676389334745524
"YCL043C","PDI1",24.2,-0.0724201291226436
"YER004W","FMP52",21.2,-0.00448434723358429
"YPR163C","TIF3",17.92,-0.00756164630407185
"YLR179C","YLR179C",27.6,-0.00536119520185529
"YHR025W","THR1",3.47619047619048,-0.00454861192978692
"YDL213C","NOP6",20.8,-0.00209546033530877
"YIL016W","SNL1",20.2,-0.000566407695394512
"YGL213C","SKI8",22,-0.000720914137438221
"YNL157W","IGO1",21.6,-0.0010606672898388
"YDL044C","MTF2",30.4,-0.00186732810521207
"YDR226W","ADK1",18.2,-0.00900643681104371
"YLR220W","CCC1",23.0352941176471,-0.000750442226901723
"YNR029C","YNR029C",30.6,-0.00404493498139753
"YIL094C","LYS12",26.593023255814,-0.00503448573769376
"YKL106W","AAT1",26.2083333333333,-0.00118471199228401
"YNL010W","YNL010W",18.8,-0.00883125751322056
"YLR429W","CRN1",30.1046511627907,-0.0149338036796845
"YFL041W","FET5",27.32,-0.00427070093394708
"YLR398C","SKI2",31.52,-0.00386931633950277
"YDR050C","TPI1",33.9,-0.0113221080164458
"YBL087C","RPL23A",35.1279069767442,-0.00381212530606908
"YML123C","PHO84",23.5333333333333,-0.000608082160964569
"YDL047W","SIT4",21.5227272727273,-0.0043031973727284
"YDL100C","GET3",22,-0.0155769806778312
"YDL066W","IDP1",14.9550561797753,-0.00758111129027774
"YGR270W","YTA7",22.55,-0.00146457577745714
"YGR285C","ZUO1",22,-0.0113774349710034
"YJL024C","APS3",22.6,-0.00251235959300069
"YOR099W","KTR1",23.5,-0.00151313289983547
"YNL168C","FMP41",22.4,-0.00078479588277522
"YIR004W","DJP1",27.1,-0.000333779644913992
"YJR025C","BNA1",33,-0.00998478158345124
"YNL315C","ATP11",18.8103448275862,-0.00182741043498606
"YGL241W","KAP114",18.8,-0.000786061843645366
"YGR078C","PAC10",21.7777777777778,-0.00502843363107506
"YML075C","HMG1",23.5176470588235,-0.000294256957909134
"YEL046C","GLY1",18.6,-0.00229166032243023
"YDL182W","LYS20",24,-0.00353261661831375
"YOR115C","TRS33",25.3,-0.00127801481846836
"YJR133W","XPT1",36,-0.00588714287293225
"YNL016W","PUB1",20.08,-0.00599584564095574
"YIL015W","BAR1",20,-0.00340205950217124
"YPL112C","PEX25",22.6,-9.44224999953836e-05
"YJR125C","ENT3",22.2,-0.0179632716361344
"YBR121C","GRS1",28.2982456140351,-0.0123636892563257
"YKL128C","PMU1",21,-0.00123155808751763
"YDL226C","GCS1",21,-0.00847731114656375
"YGR038W","ORM1",32.2,-0.000401354823671049
"YOR209C","NPT1",18.0666666666667,-0.00334489047173047
"YJL034W","KAR2",14.8833333333333,-0.0542882684675302
"YGR234W","YHB1",29.4,-0.0153810724229508
"YCR088W","ABP1",28.1882352941176,-0.112401906005456
"YML028W","TSA1",13.2795698924731,-0.0116413836980811
"YIR029W","DAL2",26.6,-0.00367270192375928
"YFL048C","EMP47",26.4651162790698,-0.00279910351620107
"YGL252C","RTG2",27.5172413793103,-0.00190560178449345
"YDR337W","MRPS28",31.7384615384615,-0.000535865432950857
"YER178W","PDA1",15.3010752688172,-0.0022694095105517
"YPL178W","CBC2",31.8,-0.00390846254536284
"YBL027W","RPL19B",20.6091954022989,-0.00195688216981441
"YER048C","CAJ1",22.8,-0.0102485929837582
"YKR006C","MRPL13",25.8941176470588,-0.00156598508787406
"YAL012W","CYS3",16.8266666666667,-0.0581587787451975
"YPR167C","MET16",29.8850574712644,-0.00430497831727349
"YHR117W","TOM71",21.7692307692308,-0.00387953313095425
"YPL137C","GIP3",26.6,-0.00114319464558753
"YER090W","TRP2",28.6,-0.00219553103669695
"YPL265W","DIP5",25.7111111111111,-0.000155648108007972
"YOR280C","FSH3",24.8,-0.00654930473050053
"YCR028C-A","RIM1",23.5116279069767,-0.00328883718615318
"YOL147C","PEX11",29.6,-0.000863228874020622
"YMR267W","PPA2",26.3555555555556,-0.000788525594139552
"YPL271W","ATP15",22.56,-0.000173086339470262
"YDR298C","ATP5",27.48,-0.00905822663531782
"YNR013C","PHO91",27.72,-0.0010963649087214
"YML035C","AMD1",28.0666666666667,-0.00142436845359173
"YHR028C","DAP2",22,-0.000477981229464996
"YPL262W","FUM1",30.2823529411765,-0.00624720784715001
"YGL161C","YIP5",21.6,-0.000411641186612585
"YGR200C","ELP2",25.76,-0.00109708120753257
"YOR288C","MPD1",33.0888888888889,-0.00496370305659377
"YDR144C","MKC7",19,-0.000328441500406299
"YDR500C","RPL37B",29.2790697674419,-6.41089109533985e-05
"YCR051W","YCR051W",23.2,-0.00188816898910573
"YMR038C","CCS1",28.8,-0.00461805472634398
"YPR024W","YME1",16.6923076923077,-0.00224561569761124
"YPL208W","RKM1",30.5692307692308,-0.000752797213748273
"YHR112C","YHR112C",24.6,-0.00297656063351369
"YMR153W","NUP53",23,-0.00120853709604264
"YNL233W","BNI4",20,-0.00119658993213547
"YJL060W","BNA3",24,-0.149509764730193
"YNL277W","MET2",26.2,-0.0122394187581725
"YJR121W","ATP2",14.9894736842105,-0.0100755992470841
"YJR001W","AVT1",28.36,-0.000300762688681344
"YDR162C","NBP2",31,-0.000368079017332275
"YLR250W","SSP120",26,-0.00421243455611476
"YER057C","HMF1",29,-0.00204228136248132
"YLR083C","EMP70",18.32,-0.000845985850993719
"YJR134C","SGM1",24.2,-0.00065604445623496
"YNL201C","PSY2",20.6,-0.000204866786147263
"YBR009C","HHF1",22.68,-0.00101104277390964
"YJL128C","PBS2",17.8,-0.000874275115997971
"YLR056W","ERG3",26.2,-0.000299626219684321
"YNR006W","VPS27",28.5294117647059,-0.00289101390228371
"YIL043C","CBR1",19.4,-0.000639340232713198
"YGR124W","ASN2",28.8,-0.000546717373804024
"YGL223C","COG1",29.2,-5.03607741004251e-05
"YKL068W","NUP100",24.4,-0.000907257370820744
"YMR015C","ERG5",25.9333333333333,-0.00073910076792248
"YBL051C","PIN4",17.8,-0.000476197714603142
"YGL246C","RAI1",35.3111111111111,-0.000538681107996413
"YML048W","GSF2",21.6,-0.00243572422398439
"YFL007W","BLM10",28.702380952381,-0.000918331173231795
"YBR164C","ARL1",30.8,-0.000418646794328822
"YER007C-A","TMA20",27.2,-0.000571882314830545
"YGR282C","BGL2",28.6,-0.00110844811838788
"YEL036C","ANP1",23.4235294117647,-0.000285291561171368
"YNR052C","POP2",11.4,-0.000611573028610628
"YLR074C","BUD20",32.08,-2.56091069187272e-05
"YDR289C","RTT103",22.75,-0.00152936079696658
"YNR030W","ALG12",18.2613636363636,-0.000286292439944561
"YOR202W","HIS3",22.8,-0.000111263378303421
"YHR047C","AAP1",15.8,-0.00116372684835055
"YLR028C","ADE16",34,-0.00221211955672633
"YDR310C","SUM1",23.7,-9.36756297328189e-05
"YKL010C","UFD4",32,-0.000215292215382526
"YDR441C","APT2",29.6,-7.20940160655611e-05
"YLL021W","SPA2",31.4,-0.000871861389814541
"YBR218C","PYC2",26.093023255814,-0.000501898110485053
"YJL186W","MNN5",24,-0.000326001219377365
"YLR109W","AHP1",25.56,-0.00359046537524549
"YLL028W","TPO1",25.875,-3.23230431226198e-05
"YGL056C","SDS23",27.8,-2.9191266974273e-05
"YGR209C","TRX2",29.5333333333333,-0.000946806758859163
"YLR285W","NNT1",22.6,-0.000129576723092844
"YJR109C","CPA2",30,-0.00349268164821381
"YLR357W","RSC2",20.4,-3.27797568460355e-05
"YKR035W-A","DID2",26.4883720930233,-0.000306402913265308
"YDR071C","PAA1",20,-0.0013931076664892
"YKL175W","ZRT3",22.8,-1.6516513994308e-05
"YJR047C","ANB1",23.6666666666667,-0.000273479803093515
"YOR283W","YOR283W",27.6,-2.85603486266566e-05
"YNL055C","POR1",10.3636363636364,-0.00180899121543871
"YDL168W","SFA1",25.8,-0.000158770344125791
"YEL071W","DLD3",25,-0.00448356850010583
"YNL135C","FPR1",22.08,-0.000336387468748573
"YBR205W","KTR3",33.8,-2.99626998639556e-05
"YPL214C","THI6",25.8,-3.67705572403251e-05
"YOR211C","MGM1",24.5402298850575,-5.7282207017876e-05
"YGR152C","RSR1",21.2,-2.60638836992142e-05
"YNL239W","LAP3",30.3015873015873,-0.000125826676890164
"YPL127C","HHO1",26.5697674418605,-2.80738758853537e-05
"YNL231C","PDR16",24.6,-4.65920116983995e-05
"YKL127W","PGM1",23,-5.77581820114339e-05
"YDR098C","GRX3",27.1333333333333,-2.1077427683546e-05
"YOR085W","OST3",25.8769230769231,1.77091377138278e-05
"YER156C","YER156C",32.6,4.25435582690517e-05
"YLR200W","YKE2",24.48,0.000116307619178442
"YLR387C","REH1",25.8333333333333,6.34883736606311e-05
"YJL196C","ELO1",19.6,8.78697133062355e-05
"YBL032W","HEK2",15.2,0.000875929728380754
"YPL078C","ATP4",27.8541666666667,0.000444160546903033
"YOR222W","ODC2",23.64,0.000127332294887605
"YIL010W","DOT5",27.6590909090909,0.000114905624746543
"YKR065C","PAM17",23.9111111111111,9.61492541681249e-05
"YPL037C","EGD1",22.8,0.00153453571476502
"YLR027C","AAT2",23.6,0.000944329967288531
"YPL145C","KES1",34,0.00099882633540128
"YPL213W","LEA1",9.6,0.000236317442111125
"YDR394W","RPT3",17.65,0.000383754387596406
"YPL065W","VPS28",18.4,0.000116898342247074
"YBL037W","APL3",19,0.00158492904811963
"YJR139C","HOM6",6.75555555555556,0.00357090707396996
"YJL088W","ARG3",24,0.000781029397485908
"YJR075W","HOC1",19.2,0.000296815791035481
"YNL138W","SRV2",11.4,0.00329239392493675
"YPL225W","YPL225W",27.4,0.000579383749773293
"YDR483W","KRE2",20.8,7.09847283923146e-05
"YDR245W","MNN10",10.1441441441441,0.00010480419155772
"YMR115W","MGR3",31.4,6.28227531301437e-05
"YDR486C","VPS60",28.2209302325581,0.000506807886568583
"YER019W","ISC1",13.0888888888889,0.00013766437527923
"YJL115W","ASF1",9.04166666666667,0.00109384586262328
"YEL015W","EDC3",29.8,0.000218408543659209
"YPR060C","ARO7",19.4,0.00167688625618469
"YDR335W","MSN5",30.16,0.00123847086857226
"YGR184C","UBR1",21.2,0.000765289025389692
"YIL038C","NOT3",25.4,0.00068690912239277
"YMR054W","STV1",26,0.000354105070322396
"YPL105C","SYH1",30.3764705882353,0.000294241618600609
"YDR368W","YPR1",30.8,0.0124197928229182
"YMR243C","ZRC1",32.6,0.00017747269575099
"YDR063W","AIM7",23.8,0.00216144596561707
"YGR210C","YGR210C",25,0.000348370762486452
"YNL104C","LEU4",25.4,0.000565605183759946
"YDR452W","PPN1",21.8,0.00133210835744517
"YKL080W","VMA5",6.28947368421053,0.00360179367754402
"YNL085W","MKT1",25,0.00030999003027905
"YFL021W","GAT1",24.8023255813953,0.000172766686392625
"YHR045W","YHR045W",22.6,0.00037794620205946
"YHR114W","BZZ1",20.8,0.000744390648043204
"YHR041C","SRB2",16.6666666666667,0.000122167176519519
"YDR005C","MAF1",28.0348837209302,0.000371654938134474
"YHL034C","SBP1",21.2,0.00223875237612141
"YDL101C","DUN1",19.75,0.000636869048985001
"YER017C","AFG3",12.5824175824176,0.00127619793769229
"YJR010W","MET3",31.5058823529412,0.180846751664143
"YNL243W","SLA2",7.4,0.00657540504076777
"YER014W","HEM14",36.7833333333333,0.000889222089516756
"YCL009C","ILV6",23.6,0.00137058589785847
"YML106W","URA5",32.2,0.000852506298507519
"YNL169C","PSD1",13.9322033898305,0.000274157535133337
"YDR158W","HOM2",11.6823529411765,0.00308914370985873
"YJL183W","MNN11",27.6666666666667,0.000370823756173688
"YOR091W","TMA46",32.4,0.000582097108118853
"YER070W","RNR1",24.125,0.00138101039403652
"YKL212W","SAC1",15.8947368421053,0.00199221786401767
"YOL052C","SPE2",24.4,0.000618018036015806
"YOR123C","LEO1",25.16,0.00119557844291775
"YMR129W","POM152",27.4,0.000960876207590968
"YGR181W","TIM13",21.2,0.00212202828713906
"YGR180C","RNR4",6.2,0.00378056236876753
"YIL052C","RPL34B",36.2093023255814,0.000109917169098467
"YDL171C","GLT1",30.25,0.0457695778474414
"YEL051W","VMA8",9.6,0.000494072572123318
"YBL007C","SLA1",11.375,0.0226038819413564
"YHR135C","YCK1",23.4,0.000288111509606609
"YOL143C","RIB4",12.4,0.00111062808381845
"YPR145W","ASN1",29.0581395348837,0.000587375787944448
"YFR047C","BNA6",23.4,0.000898078667098119
"YBR291C","CTP1",19.4666666666667,0.000710381685393555
"YMR071C","TVP18",31.8,0.000310255595883553
"YDL236W","PHO13",29.6,0.00135993043814682
"YBL102W","SFT2",26.4444444444444,0.000492047187430832
"YJR144W","MGM101",22,0.00032681273570136
"YKL140W","TGL1",26.2,0.00428657677326481
"YML078W","CPR3",25.5,0.00854259347127782
"YJR066W","TOR1",14.1578947368421,0.0106441732051526
"YCR090C","YCR090C",27.8,0.000272593693520465
"YGR125W","YGR125W",21.2,0.00183172745554882
"YPL031C","PHO85",12.5230769230769,0.00209049112764875
"YOR171C","LCB4",29.1428571428571,0.000808426862658549
"YOR230W","WTM1",23.6,0.0131610337855242
"YLR401C","DUS3",18,0.00102948901542382
"YDR121W","DPB4",23.7790697674419,0.000512920709634682
"YLR113W","HOG1",22.4767441860465,0.000824257366504802
"YGR202C","PCT1",21.2,0.00607015955457977
"YNL330C","RPD3",21.6630434782609,0.00115047752667422
"YGR261C","APL6",23.28,0.00462233179751035
"YNL087W","TCB2",25.8,0.000375037471787405
"YFL044C","OTU1",22.8,0.00105571664084825
"YDR465C","RMT2",30.5692307692308,0.00112135467587545
"YBR054W","YRO2",25.8953488372093,0.00165707200890306
"YBR025C","OLA1",21,0.00593018390535924
"YOR136W","IDH2",15.1,0.00929558370117539
"YGL115W","SNF4",22.3863636363636,0.0044977125253863
"YFL047W","RGD2",19.4,0.0011218243306616
"YML012W","ERV25",32.14,0.0027514017497232
"YJL052W","TDH1",24.6,0.0703490012597616
"YLR312W-A","MRPL15",27.8620689655172,0.00085130802940289
"YNL307C","MCK1",23.2,0.0026779234832711
"YLR373C","VID22",13.5555555555556,0.00138080286339587
"YBR221C","PDB1",11.0412371134021,0.00136360525688713
"YDR155C","CPR1",29.5647058823529,0.011439301401763
"YHL011C","PRS3",28.2,0.000973155125828451
"YDL189W","RBS1",33.08,0.000965628619813295
"YPL139C","UME1",19,0.00197979366604274
"YGL151W","NUT1",26.8,0.00110156929209337
"YFL004W","VTC2",23.4,0.00392222508953962
"YFL026W","STE2",27,8.06399117125117e-05
"YDR297W","SUR2",29.8,0.000129374720253314
"YER176W","ECM32",28.2333333333333,0.000155956422563953
"YPL263C","KEL3",26.3230769230769,0.00458665933882383
"YDL240W","LRG1",31.2,0.00160248876402216
"YMR125W","STO1",21.6,0.0147694103049264
"YDL144C","YDL144C",20,0.00186641277079421
"YMR202W","ERG2",26.4,0.000990813612021323
"YIL121W","QDR2",34.6,0.000212672956439698
"YJL184W","GON7",18.1,0.00142348426129952
"YLR201C","COQ9",18.7333333333333,0.00206412782157838
"YHR039C","MSC7",18.6,0.00200734725444722
"YDL086W","YDL086W",21.6,0.00254032669892528
"YBL057C","PTH2",27.4,0.0017386115431263
"YMR006C","PLB2",22.6,0.00249358689606638
"YDR262W","YDR262W",21.4,0.00039302710837645
"YLR180W","SAM1",22.8390804597701,0.00642130340054075
"YGL027C","CWH41",23.4,0.00242746338693496
"YJR077C","MIR1",25.9770114942529,0.00180632279010966
"YHR037W","PUT2",22,0.0292716438677411
"YPL195W","APL5",26.6,0.000957200908300232
"YDL178W","DLD2",32.8,0.000856450261495926
"YNL281W","HCH1",24.4,0.00630661286384257
"YNL180C","RHO5",19.4,0.0101880958777279
"YDL131W","LYS21",21.4,0.00140238806601711
"YOR131C","YOR131C",23.7,0.00949906970038992
"YFR010W","UBP6",18.8620689655172,0.021734159465494
"YPL116W","HOS3",28,0.00293873894902099
"YER052C","HOM3",11.7882352941176,0.00544571000445259
"YMR083W","ADH3",25.906976744186,0.00464159433367483
"YOR354C","MSC6",27.6,0.0041106451631652
"YJR111C","YJR111C",29.6,0.00100618373775257
"YKL206C","ADD66",23.8,0.00260767264971251
"YDR395W","SXM1",29.6,0.00366357431450593
"YML067C","ERV41",31.0222222222222,0.000363597520116487
"YKL069W","YKL069W",20.6,0.0024863533482051
"YER091C","MET6",26.3218390804598,0.0571412710376092
"YNL154C","YCK2",32,0.00231471583838987
"YHR121W","LSM12",24.4,0.000597684907172729
"YGR157W","CHO2",21.2,0.00297395452725941
"YGL125W","MET13",22.6,0.0128294695749703
"YOL059W","GPD2",20,0.00356123208671326
"YKL057C","NUP120",13.2,0.000687401777791012
"YDR300C","PRO1",23.5777777777778,0.00249864957614646
"YMR116C","ASC1",21.2,0.0047575663609985
"YNL220W","ADE12",31.4,0.00549095062986677
"YGL228W","SHE10",25.4,0.000691322168452035
"YGR012W","YGR012W",18.2,0.0133812290140449
"YLR225C","YLR225C",19,0.019717163887742
"YMR029C","FAR8",26.2,0.00217070464447959
"YER055C","HIS1",28.4,0.00132389694859543
"YIR035C","YIR035C",24.48,5.75830415381418e-05
"YIL116W","HIS5",19,0.00358064291768315
"YLR384C","IKI3",27.5,0.00230185559272981
"YIL103W","DPH1",31,0.000528588442382141
"YDR294C","DPL1",22.52,0.00387200715759219
"YHR108W","GGA2",26,0.00914162282629418
"YFR030W","MET10",31.8604651162791,0.753034219352677
"YIL066C","RNR3",31.9714285714286,0.00987275359019324
"YPR028W","YOP1",15.6,0.00111543995635833
"YKL008C","LAC1",27.5568181818182,0.000705366117200849
"YCL057W","PRD1",25.4,0.0337696074786232
"YDR135C","YCF1",28.325,0.0303707534816628
"YGL135W","RPL1B",31.1294117647059,0.00264842770214848
"YOR061W","CKA2",36.5411764705882,0.00401449226140702
"YLL048C","YBT1",30.2375,0.00822625557158715
"YMR216C","SKY1",29.2,0.0017964553124622
"YOR175C","ALE1",23.5,0.00219031842358408
"YBR229C","ROT2",23.1,0.0705536073779114
"YNL041C","COG6",28.8,0.00941716590938214
"YNL123W","NMA111",28.6,0.00803175207855962
"YKR018C","YKR018C",26.4,0.00412731592682284
"YOL049W","GSH2",24.8666666666667,0.00331800181206064
"YML073C","RPL6A",35.5,0.000107086536977593
"YLR133W","CKI1",30.2,0.00864200507548926
"YDL051W","LHP1",25.4,0.00225043926376337
"YDL122W","UBP1",25.3555555555556,0.00128027142549678
"YNR040W","YNR040W",28.6,0.000978388850688939
"YKL135C","APL2",18.8,0.00522092126616035
"YPL019C","VTC3",19.8,0.00200662406594195
"YOR141C","ARP8",29.56,0.00556507155868612
"YBR281C","DUG2",27.8,0.00348134847847709
"YDR379W","RGA2",23.6,0.0055232321458158
"YOR043W","WHI2",13.6,0.00817674010052003
"YDL198C","GGC1",22.7126436781609,0.000267874307164974
"YLR450W","HMG2",27.9076923076923,0.00838501185983206
"YDR233C","RTN1",29.0232558139535,0.00552246593106199
"YDR033W","MRH1",24.6222222222222,0.00107923553003203
"YBR177C","EHT1",19.8666666666667,0.00340078434705682
"YML124C","TUB3",30.4166666666667,0.00147209013899708
"YGL014W","PUF4",32.2571428571429,0.00438177441774942
"YGR204W","ADE3",25.4,0.0597242956917126
"YJL140W","RPB4",28.8,0.00255079916798015
"YOR212W","STE4",20.4,0.000278971161017181
"YKL213C","DOA1",25.4,0.00884950564699403
"YLR436C","ECM30",28.56,0.0020528211323893
"YLR418C","CDC73",21.4,0.00224255955552655
"YDR176W","NGG1",24.1555555555556,0.00528441293328154
"YOR187W","TUF1",34,0.0137363757226532
"YPL032C","SVL3",24.2,0.00561167340344945
"YMR313C","TGL3",27.0444444444444,0.00102131201326234
"YHR073W","OSH3",24.04,0.0165788272494426
"YDR194C","MSS116",34.3255813953488,0.00357338417968529
"YLR058C","SHM2",28.28,0.0107869503698608
"YGR033C","TIM21",20.56,0.00230814738574139
"YGL167C","PMR1",26.906976744186,0.0117874656815879
"YLR325C","RPL38",25.5142857142857,0.000213132284396918
"YOL061W","PRS5",31.4,0.00186310060473633
"YOR221C","MCT1",20,0.0251743434271936
"YJL130C","URA2",22.6436781609195,0.15530436330542
"YGL232W","TAN1",28.2,0.000143609954067879
"YJR070C","LIA1",24.6,0.00850199424396499
"YKL079W","SMY1",22.52,0.00431146732770854
"YDR097C","MSH6",30.65,0.00118598638335924
"YKR001C","VPS1",30.8,0.0189358152882154
"YBR010W","HHT1",26.64,0.00145681257173562
"YJR103W","URA8",20.7532467532468,0.00775987135839826
"YIL035C","CKA1",18,0.00273557668545221
"YKR059W","TIF1",14.5795454545455,0.0248037837643444
"YML056C","IMD4",28.2,0.000505100505277578
"YOR270C","VPH1",29.5813953488372,0.0139436134476153
"YBL079W","NUP170",9.7,0.0275626090765255
"YMR080C","NAM7",18.2,0.00195509161030726
"YJR099W","YUH1",25.2,0.00792789527374445
"YMR027W","YMR027W",24.8,0.0182185451257558
"YOR001W","RRP6",23.6,0.00113265093437273
"YCR002C","CDC10",31.8,0.00704891269523886
"YMR205C","PFK2",28.2,0.0575775636010325
"YDR304C","CPR5",29.32,0.00414549898306106
"YBR272C","HSM3",28.2,0.00172526738732944
"YPR004C","AIM45",30.48,0.00276922432409606
"YDL116W","NUP84",14.3777777777778,0.00627365214858554
"YCR021C","HSP30",18.6,0.00074339866259083
"YNL297C","MON2",28.2,0.00280887332746716
"YFR024C-A","LSB3",30.3488372093023,0.0126354528027978
"YIL030C","SSM4",25.2674418604651,0.00180284847472367
"YNL069C","RPL16B",35.0967741935484,0.00110219598042231
"YMR242C","RPL20A",35.775,0.0039181960168902
"YML052W","SUR7",20.6,0.00256179310238789
"YDR502C","SAM2",23.8,0.0154058094114897
"YOL058W","ARG1",29.8735632183908,0.00562924431894508
"YPR128C","ANT1",23.4,0.000603075583956126
"YDR127W","ARO1",21.8,0.133364166434351
"YJL201W","ECM25",27.4,0.000878581861906796
"YHL007C","STE20",16.0769230769231,0.00254063224137772
"YPL129W","TAF14",22.0674157303371,0.00350237788430045
"YNL321W","VNX1",26.72,0.00270164942744624
"YBR058C","UBP14",28,0.00246806293109121
"YDR399W","HPT1",33.6,0.00239982034502532
"YPL023C","MET12",24.2,0.00206618064468116
"YLR330W","CHS5",22,0.00487269414421427
"YOR317W","FAA1",21.2,0.0567684695183011
"YJL082W","IML2",17.6,0.00792850676638542
"YHR039C-A","VMA10",5.30769230769231,0.00482433937395157
"YOL032W","OPI10",37.4,0.0189254348189767
"YER080W","AIM9",28.1818181818182,0.0396127577045185
"YGR231C","PHB2",9.1078431372549,0.0107863472468103
"YJL124C","LSM1",23.8,0.0001314438114553
"YJL180C","ATP12",7.625,0.0174653605133638
"YDL095W","PMT1",24.1954022988506,0.00899029085333386
"YDR019C","GCV1",32.8,0.00178772571446863
"YIL039W","TED1",24.2,0.00111868229101979
"YDR237W","MRPL7",22.4666666666667,0.00579037150262354
"YIL009W","FAA3",27.6,0.00316074059301695
"YDR477W","SNF1",32.632183908046,0.00439031927785869
"YGR080W","TWF1",17.4,0.0319945748281357
"YDR517W","GRH1",32.08,0.00138216786118141
"YNL252C","MRPL17",26.9651162790698,0.00163255605801354
"YOR165W","SEY1",16.6,0.0124455364133937
"YNR021W","YNR021W",24.2,0.0027768603526558
"YIL098C","FMC1",23.4,0.0136038800353634
"YMR272C","SCS7",18.2,0.00171141347738463
"YLR095C","IOC2",23.68,0.00398962528381012
"YIL130W","ASG1",29.4,0.00122183808534185
"YLR410W","VIP1",26.56,0.00726325549252706
"YDL188C","PPH22",29.9186046511628,0.0146308816210331
"YLR209C","PNP1",26.4,0.00651126833846669
"YGR279C","SCW4",27.8,0.00459412346826657
"YER081W","SER3",22.8,0.0159268087498693
"YDR221W","GTB1",23.8,0.0112374470303042
"YLR399C","BDF1",24,0.00182282114097607
"YPR036W","VMA13",4.15322580645161,0.0191391747812853
"YGL206C","CHC1",6.4,2.83603586099592
"YLL029W","FRA1",31.48,0.00274790274261804
"YMR152W","YIM1",25.25,0.0150293191769812
"YOR133W","EFT1",17.8,0.32007215697953
"YOR112W","CEX1",25.8,0.0200892321390603
"YEL031W","SPF1",24.8,0.0250911881899071
"YGR165W","MRPS35",28.1333333333333,0.00832276817030734
"YJR142W","YJR142W",18.8,0.00101952548152721
"YOR158W","PET123",28.7790697674419,0.0142556602371535
"YJR005W","APL1",25.6,0.00153782019000447
"YDL052C","SLC1",22.8,0.0250545859098417
"YKL081W","TEF4",20,0.0115218795151232
"YHR018C","ARG4",19.4942528735632,0.00698204829655297
"YGR254W","ENO1",23.9885057471264,0.0292477813629334
"YDL075W","RPL31A",34.2758620689655,0.000379226674203952
"YMR237W","BCH1",27.28,0.0105850413275793
"YGL026C","TRP5",34,0.035737942322391
"YLR442C","SIR3",23.5232558139535,0.00213920680830329
"YPL059W","GRX5",21,0.0121655590787391
"YOL057W","YOL057W",33.56,0.00484196633949319
"YDR165W","TRM82",27.4,0.00301977126362185
"YIR034C","LYS1",19.6,0.00904274127411722
"YBR283C","SSH1",16.4,0.0162236305497365
"YJL053W","PEP8",29.3333333333333,0.000716425465074694
"YJL207C","LAA1",18.2,0.00335446594655253
"YGR054W","YGR054W",23.7,0.00679583439205871
"YMR109W","MYO5",21.4,0.0210920048394978
"YOR241W","MET7",17.1411764705882,0.000911236709373575
"YHR183W","GND1",30.9230769230769,0.0242254399540432
"YLR118C","YLR118C",33.2,0.000961954983204548
"YMR189W","GCV2",30.36,0.0064038669261047
"YOL086C","ADH1",8.05405405405405,0.0163499957701818
"YER122C","GLO3",14.2,0.00254987500461691
"YML072C","TCB3",28.7093023255814,0.104846686469272
"YLR452C","SST2",25.9230769230769,0.000595090496235963
"YGR189C","CRH1",21.2,0.00669708652719208
"YIL076W","SEC28",30.3953488372093,0.0161128481544973
"YGL012W","ERG4",27.4222222222222,0.000570925130345233
"YDR457W","TOM1",16.4090909090909,0.0237046122520849
"YBR115C","LYS2",32,0.0351466081793536
"YGL195W","GCN1",22.8,0.217526943325163
"YIL074C","SER33",33.4,0.0462489517259223
"YGR240C","PFK1",27.1395348837209,0.0761052065964526
"YIL088C","AVT7",27.2,0.00119167262600801
"YLR389C","STE23",24.2,0.0190091637371524
"YCL035C","GRX1",14,0.013996839177364
"YBR146W","MRPS9",29.7093023255814,0.00286337412973068
"YAL035W","FUN12",16.975,0.0285220056994199
"YDR229W","IVY1",25.6,0.0151724708770458
"YJL080C","SCP160",29.3295454545455,0.117493015026755
"YKL039W","PTM1",25.8,0.000818588803457908
"YKR082W","NUP133",14.4,0.00620431798424289
"YDR055W","PST1",28.4545454545455,0.0105493747378499
"YPR074C","TKL1",32.2674418604651,0.0521213261056656
"YKL157W","APE2",24.2,0.05416966033865
"YPL090C","RPS6A",27.8620689655172,0.00593579733958281
"YIL137C","TMA108",23.2,0.0449103132179711
"YGL084C","GUP1",27.6,0.00142797517380112
"YBR035C","PDX3",16.6,0.0138450253821932
"YLR148W","PEP3",16.2,0.000491134615339006
"YCL030C","HIS4",28.593023255814,0.0187992237331148
"YFR009W","GCN20",25.9666666666667,0.00894546124822967
"YFL028C","CAF16",23,0.000783525980021202
"YML103C","NUP188",25,0.00268170964477813
"YDR346C","SVF1",17,0.00262556104605777
"YPR029C","APL4",20,0.00200391425270554
"YML110C","COQ5",21.6571428571429,0.00538311579763879
"YER056C","FCY2",23.8488372093023,0.000457379315838409
"YJR117W","STE24",34.6,0.00473077495699467
"YMR012W","CLU1",28.22,0.0851726787305904
"YBL099W","ATP1",7.41964285714286,0.0649429090814153
"YLR052W","IES3",25.8,0.00237927174965497
"YMR247C","RKR1",23.6,0.00376995849130521
"YIL128W","MET18",30.6,0.00386287043168273
"YAL016W","TPD3",10.9882352941176,0.00566001526392022
"YEL013W","VAC8",19.4,0.0376765984642408
"YEL056W","HAT2",23.2,0.0102837049605096
"YMR089C","YTA12",20.5393258426966,0.00523099924474913
"YLR433C","CNA1",25.08,0.00591655336176765
"YPL161C","BEM4",19.3409090909091,0.00511942029570914
"YGR192C","TDH3",29.3372093023256,0.00790006229647066
"YMR231W","PEP5",14.16,0.0106698220667305
"YHR158C","KEL1",25.9666666666667,0.00759040629153728
"YKL191W","DPH2",17,0.000142904725803353
"YOR160W","MTR10",22.6516853932584,0.0121826089196559
"YNL121C","TOM70",16.5647058823529,0.0345682555559442
"YGL141W","HUL5",18.6,0.00120999510419033
"YMR246W","FAA4",26.8,0.00773891386632523
"YLR172C","DPH5",21.4,0.000378194428492592
"YDL137W","ARF2",29,0.00163702709397099
"YBR094W","PBY1",28.2,0.0107443574727901
"YGL039W","YGL039W",22.8,0.0024043294236495
"YPL106C","SSE1",26.96,0.0919858172509718
"YMR092C","AIP1",29.2,0.0307060908036917
"YDR322W","MRPL35",27.3777777777778,0.00539614505312787
"YML086C","ALO1",25.7555555555556,0.0252714587666181
"YOR126C","IAH1",24.2,0.0118725155172442
"YDL125C","HNT1",31.2,0.0277695346626453
"YGL256W","ADH4",31.3411764705882,0.0494838272453245
"YJL012C","VTC4",25.44,0.0121868418281775
"YGR061C","ADE6",26.2,0.0404946226707729
"YJL121C","RPE1",28.8352941176471,0.00312429354590206
"YBL056W","PTC3",24.4,0.00415449789663706
"YOR128C","ADE2",32.8,0.0278944881189562
"YMR120C","ADE17",25,0.0207531108862396
"YPL270W","MDL2",18.1230769230769,0.00226776825656201
"YNL229C","URE2",22.9885057471264,0.0018914939496515
"YPL048W","CAM1",26.96,0.0143370615245167
"YER155C","BEM2",15.2,0.0159445355297353
"YOR014W","RTS1",37.7333333333333,0.0107049474450391
